Date,Time,R1,R2,R3,R4,F1,F2,F3,SP,Volt,I,W,WH
2024/12/16,19:00:00,5.1,1.8,-0.5,1.5,-23.3,-23.6,-22.9,26.3,110.13E+00,0.5099E+00,0.0281E+03,3.42741E+03
2024/12/16,19:01:00,5.1,1.8,-0.5,1.5,-23.3,-23.6,-22.9,26.4,110.13E+00,0.4973E+00,0.0273E+03,3.42787E+03
2024/12/16,19:02:00,5.1,1.8,-0.5,1.5,-23.3,-23.6,-22.9,26.2,110.13E+00,0.4995E+00,0.0275E+03,3.42834E+03
2024/12/16,19:03:00,5.1,1.8,-0.5,1.4,-23.3,-23.6,-22.9,26.2,110.13E+00,0.5052E+00,0.0278E+03,3.42880E+03
2024/12/16,19:04:00,5.1,1.8,-0.5,1.4,-23.3,-23.5,-22.8,26.2,110.13E+00,0.5058E+00,0.0279E+03,3.42926E+03
2024/12/16,19:05:00,5.1,1.8,-0.5,1.4,-23.2,-23.5,-22.8,26.2,110.13E+00,0.5062E+00,0.0279E+03,3.42973E+03
2024/12/16,19:06:00,5.1,1.8,-0.5,1.4,-23.2,-23.5,-22.8,26.2,110.13E+00,0.4936E+00,0.0272E+03,3.43018E+03
2024/12/16,19:07:00,5,1.8,-0.5,1.4,-23.2,-23.5,-22.8,26.2,110.13E+00,0.4981E+00,0.0274E+03,3.43064E+03
2024/12/16,19:08:00,5,1.8,-0.5,1.4,-23.2,-23.4,-22.7,26.1,110.13E+00,0.4953E+00,0.0272E+03,3.43109E+03
2024/12/16,19:09:00,5,1.7,-0.5,1.4,-23.1,-23.4,-22.7,26.2,110.13E+00,0.4935E+00,0.0271E+03,3.43154E+03
2024/12/16,19:10:00,5,1.7,-0.5,1.4,-23.1,-23.4,-22.7,26.2,110.13E+00,0.4913E+00,0.0270E+03,3.43200E+03
2024/12/16,19:11:00,5,1.7,-0.6,1.4,-23.1,-23.4,-22.7,26.2,110.13E+00,0.4915E+00,0.0269E+03,3.43244E+03
2024/12/16,19:12:00,5,1.7,-0.6,1.4,-23.1,-23.4,-22.7,26.3,110.13E+00,0.4882E+00,0.0268E+03,3.43289E+03
2024/12/16,19:13:00,5,1.7,-0.6,1.4,-23,-23.3,-22.6,26.2,110.13E+00,0.4891E+00,0.0269E+03,3.43334E+03
2024/12/16,19:14:00,5,1.7,-0.6,1.4,-23,-23.3,-22.6,26.2,110.13E+00,0.4878E+00,0.0268E+03,3.43378E+03
2024/12/16,19:15:00,5,1.7,-0.6,1.4,-23,-23.3,-22.6,26.2,110.13E+00,0.4902E+00,0.0269E+03,3.43423E+03
2024/12/16,19:16:00,5,1.7,-0.6,1.4,-23,-23.3,-22.6,26.2,110.13E+00,0.4797E+00,0.0263E+03,3.43467E+03
2024/12/16,19:17:00,5,1.7,-0.6,1.3,-22.9,-23.2,-22.5,26.2,110.14E+00,0.4778E+00,0.0262E+03,3.43511E+03
2024/12/16,19:18:00,4.9,1.7,-0.6,1.3,-22.9,-23.2,-22.5,26.3,110.13E+00,0.4875E+00,0.0267E+03,3.43555E+03
2024/12/16,19:19:00,4.9,1.7,-0.6,1.3,-22.9,-23.2,-22.5,26.1,110.14E+00,0.4828E+00,0.0265E+03,3.43599E+03
2024/12/16,19:20:00,4.9,1.7,-0.6,1.3,-22.8,-23.2,-22.5,26.1,110.14E+00,0.4805E+00,0.0264E+03,3.43643E+03
2024/12/16,19:21:00,4.9,1.7,-0.6,1.3,-22.8,-23.1,-22.5,26.1,110.13E+00,0.4783E+00,0.0262E+03,3.43686E+03
2024/12/16,19:22:00,4.9,1.7,-0.6,1.3,-22.8,-23.1,-22.4,26.1,110.14E+00,0.4790E+00,0.0263E+03,3.43730E+03
2024/12/16,19:23:00,4.9,1.7,-0.6,1.3,-22.7,-23.1,-22.4,26.2,110.14E+00,0.4734E+00,0.0259E+03,3.43773E+03
2024/12/16,19:24:00,4.9,1.7,-0.6,1.3,-22.7,-23,-22.4,26.1,110.14E+00,0.4804E+00,0.0264E+03,3.43816E+03
2024/12/16,19:25:00,4.9,1.7,-0.6,1.3,-22.7,-23,-22.3,26.1,110.14E+00,0.4792E+00,0.0263E+03,3.43860E+03
2024/12/16,19:26:00,4.9,1.7,-0.6,1.3,-22.6,-23,-22.3,26.1,110.13E+00,0.4642E+00,0.0254E+03,3.43903E+03
2024/12/16,19:27:00,4.9,1.7,-0.6,1.3,-22.6,-23,-22.3,26,110.13E+00,0.4671E+00,0.0255E+03,3.43945E+03
2024/12/16,19:28:00,4.9,1.7,-0.6,1.3,-22.6,-22.9,-22.2,26.3,110.14E+00,0.4703E+00,0.0258E+03,3.43988E+03
2024/12/16,19:29:00,4.8,1.7,-0.6,1.3,-22.5,-22.9,-22.2,26.2,110.14E+00,0.4638E+00,0.0253E+03,3.44030E+03
2024/12/16,19:30:00,4.8,1.7,-0.6,1.2,-22.5,-22.9,-22.2,26.2,110.13E+00,0.4682E+00,0.0256E+03,3.44073E+03
2024/12/16,19:31:00,4.8,1.7,-0.6,1.2,-22.5,-22.8,-22.1,26.2,110.13E+00,0.4705E+00,0.0258E+03,3.44116E+03
2024/12/16,19:32:00,4.8,1.7,-0.6,1.2,-22.4,-22.8,-22.1,26.2,110.13E+00,0.4705E+00,0.0258E+03,3.44159E+03
2024/12/16,19:33:00,4.8,1.7,-0.6,1.2,-22.4,-22.8,-22.1,26.1,110.14E+00,0.4735E+00,0.0260E+03,3.44201E+03
2024/12/16,19:34:00,4.8,1.7,-0.6,1.2,-22.4,-22.7,-22.1,26,110.14E+00,0.4701E+00,0.0258E+03,3.44244E+03
2024/12/16,19:35:00,4.8,1.7,-0.6,1.2,-22.3,-22.7,-22,26.4,110.14E+00,0.4712E+00,0.0258E+03,3.44287E+03
2024/12/16,19:36:00,4.8,1.7,-0.6,1.2,-22.3,-22.7,-22,26.1,110.14E+00,0.4680E+00,0.0255E+03,3.44330E+03
2024/12/16,19:37:00,4.8,1.7,-0.6,1.2,-22.3,-22.6,-22,26.2,110.13E+00,0.4679E+00,0.0256E+03,3.44372E+03
2024/12/16,19:38:00,4.8,1.7,-0.6,1.2,-22.2,-22.6,-22,26.2,110.13E+00,0.4640E+00,0.0254E+03,3.44415E+03
2024/12/16,19:39:00,4.7,1.7,-0.6,1.2,-22.2,-22.6,-21.9,26.1,110.14E+00,0.4661E+00,0.0256E+03,3.44458E+03
2024/12/16,19:40:00,4.7,1.7,-0.6,1.2,-22.2,-22.6,-21.9,26.2,110.14E+00,0.4710E+00,0.0257E+03,3.44501E+03
2024/12/16,19:41:00,4.7,1.7,-0.6,1.2,-22.1,-22.5,-21.9,26.3,110.13E+00,0.4719E+00,0.0259E+03,3.44544E+03
2024/12/16,19:42:00,4.7,1.7,-0.6,1.2,-22.1,-22.5,-21.8,26.3,110.14E+00,0.4736E+00,0.0260E+03,3.44587E+03
2024/12/16,19:43:00,4.7,1.7,-0.6,1.2,-22.1,-22.4,-21.8,26.2,110.14E+00,0.4691E+00,0.0257E+03,3.44630E+03
2024/12/16,19:44:00,4.7,1.7,-0.6,1.2,-22,-22.4,-21.8,26.2,110.13E+00,0.4728E+00,0.0259E+03,3.44673E+03
2024/12/16,19:45:00,4.7,1.7,-0.6,1.2,-22,-22.4,-21.7,25.9,110.13E+00,0.4706E+00,0.0257E+03,3.44716E+03
2024/12/16,19:46:00,4.7,1.7,-0.6,1.2,-22,-22.4,-21.7,26.1,110.14E+00,0.4743E+00,0.0260E+03,3.44759E+03
2024/12/16,19:47:00,4.7,1.7,-0.6,1.2,-21.9,-22.4,-21.7,26.1,110.13E+00,0.4663E+00,0.0255E+03,3.44802E+03
2024/12/16,19:48:00,4.7,1.7,-0.6,1.2,-21.9,-22.3,-21.7,26.1,110.14E+00,0.4755E+00,0.0261E+03,3.44845E+03
2024/12/16,19:49:00,4.7,1.7,-0.6,1.2,-21.9,-22.3,-21.6,26.3,110.13E+00,0.4740E+00,0.0260E+03,3.44888E+03
2024/12/16,19:50:00,4.7,1.7,-0.5,1.2,-21.9,-22.2,-21.6,26.3,110.14E+00,0.4722E+00,0.0259E+03,3.44931E+03
2024/12/16,19:51:00,4.7,1.7,-0.5,1.2,-21.9,-22.2,-21.5,26.1,110.14E+00,0.4707E+00,0.0258E+03,3.44974E+03
2024/12/16,19:52:00,4.7,1.7,-0.5,1.2,-21.8,-22.2,-21.5,26,110.14E+00,0.4700E+00,0.0258E+03,3.45017E+03
2024/12/16,19:53:00,4.7,1.7,-0.5,1.2,-21.8,-22.2,-21.5,26.1,110.14E+00,0.4759E+00,0.0261E+03,3.45060E+03
2024/12/16,19:54:00,4.6,1.7,-0.5,1.2,-21.8,-22.1,-21.5,26,110.13E+00,0.4696E+00,0.0257E+03,3.45103E+03
2024/12/16,19:55:00,4.6,1.7,-0.6,1.2,-21.7,-22.1,-21.5,26,110.13E+00,0.4727E+00,0.0259E+03,3.45146E+03
2024/12/16,19:56:00,4.6,1.7,-0.5,1.2,-21.7,-22.1,-21.4,26,110.14E+00,0.4681E+00,0.0256E+03,3.45189E+03
2024/12/16,19:57:00,4.6,1.7,-0.5,1.1,-21.7,-22.1,-21.4,26.1,110.13E+00,0.4743E+00,0.0260E+03,3.45232E+03
2024/12/16,19:58:00,4.6,1.7,-0.5,1.1,-21.7,-22,-21.4,26.1,110.14E+00,0.4733E+00,0.0260E+03,3.45275E+03
2024/12/16,19:59:00,4.6,1.7,-0.5,1.2,-21.7,-22,-21.4,26,110.14E+00,0.4760E+00,0.0261E+03,3.45318E+03
2024/12/16,20:00:00,4.6,1.7,-0.5,1.2,-21.6,-22,-21.3,26.1,110.13E+00,0.4690E+00,0.0257E+03,3.45362E+03
2024/12/16,20:01:00,4.6,1.7,-0.5,1.2,-21.6,-22,-21.3,26.1,110.13E+00,0.4714E+00,0.0258E+03,3.45405E+03
2024/12/16,20:02:00,4.6,1.7,-0.5,1.2,-21.6,-21.9,-21.3,26,110.13E+00,0.4711E+00,0.0258E+03,3.45448E+03
2024/12/16,20:03:00,4.6,1.7,-0.5,1.1,-21.6,-21.9,-21.3,26.1,110.13E+00,0.4741E+00,0.0259E+03,3.45491E+03
2024/12/16,20:04:00,4.6,1.7,-0.5,1.2,-21.5,-21.9,-21.2,26.1,110.14E+00,0.4727E+00,0.0260E+03,3.45534E+03
2024/12/16,20:05:00,4.6,1.7,-0.5,1.1,-21.5,-21.9,-21.2,26.1,110.13E+00,0.4707E+00,0.0258E+03,3.45578E+03
2024/12/16,20:06:00,4.6,1.7,-0.5,1.1,-21.5,-21.9,-21.2,26.1,110.14E+00,0.4707E+00,0.0258E+03,3.45621E+03
2024/12/16,20:07:00,4.6,1.7,-0.5,1.1,-21.5,-21.8,-21.1,26.1,110.13E+00,0.4732E+00,0.0259E+03,3.45664E+03
2024/12/16,20:08:00,4.6,1.7,-0.5,1.1,-21.5,-21.8,-21.1,26.1,110.13E+00,0.4720E+00,0.0259E+03,3.45707E+03
2024/12/16,20:09:00,4.6,1.7,-0.5,1.2,-21.4,-21.8,-21.1,26.1,110.14E+00,0.4741E+00,0.0259E+03,3.45751E+03
2024/12/16,20:10:00,4.6,1.7,-0.5,1.2,-21.4,-21.8,-21.1,26.1,110.13E+00,0.4718E+00,0.0259E+03,3.45794E+03
2024/12/16,20:11:00,4.6,1.7,-0.5,1.2,-21.4,-21.7,-21.1,26,110.14E+00,0.4720E+00,0.0259E+03,3.45837E+03
2024/12/16,20:12:00,4.6,1.7,-0.5,1.2,-21.4,-21.7,-21.1,26.1,110.14E+00,0.4717E+00,0.0258E+03,3.45880E+03
2024/12/16,20:13:00,4.6,1.7,-0.5,1.2,-21.4,-21.7,-21,26.1,110.14E+00,0.4757E+00,0.0261E+03,3.45924E+03
2024/12/16,20:14:00,4.5,1.7,-0.5,1.2,-21.3,-21.7,-21,26,110.13E+00,0.4743E+00,0.0260E+03,3.45967E+03
2024/12/16,20:15:00,4.5,1.7,-0.5,1.1,-21.4,-21.7,-21,26.1,110.14E+00,0.4767E+00,0.0262E+03,3.46010E+03
2024/12/16,20:16:00,4.5,1.7,-0.5,1.1,-21.3,-21.7,-21,26,110.13E+00,0.4757E+00,0.0261E+03,3.46054E+03
2024/12/16,20:17:00,4.5,1.7,-0.5,1.1,-21.3,-21.6,-21,26,110.14E+00,0.4751E+00,0.0261E+03,3.46097E+03
2024/12/16,20:18:00,4.5,1.7,-0.5,1.2,-21.3,-21.6,-20.9,26.1,110.13E+00,0.4734E+00,0.0259E+03,3.46140E+03
2024/12/16,20:19:00,4.5,1.7,-0.5,1.1,-21.3,-21.6,-20.9,26.1,110.14E+00,0.4751E+00,0.0261E+03,3.46184E+03
2024/12/16,20:20:00,4.5,1.7,-0.5,1.2,-21.3,-21.6,-20.9,26.2,110.14E+00,0.4721E+00,0.0259E+03,3.46227E+03
2024/12/16,20:21:00,4.5,1.7,-0.5,1.2,-21.2,-21.5,-20.9,26.1,110.14E+00,0.4741E+00,0.0260E+03,3.46270E+03
2024/12/16,20:22:00,4.5,1.7,-0.4,1.2,-21.2,-21.6,-20.9,26.1,110.13E+00,0.4723E+00,0.0259E+03,3.46314E+03
2024/12/16,20:23:00,4.5,1.7,-0.4,1.2,-21.2,-21.5,-20.8,26.1,110.13E+00,0.4747E+00,0.0260E+03,3.46357E+03
2024/12/16,20:24:00,4.5,1.7,-0.4,1.2,-21.2,-21.5,-20.8,26,110.14E+00,0.4723E+00,0.0259E+03,3.46400E+03
2024/12/16,20:25:00,4.5,1.7,-0.4,1.2,-21.2,-21.5,-20.8,26,110.14E+00,0.4745E+00,0.0260E+03,3.46444E+03
2024/12/16,20:26:00,4.5,1.7,-0.4,1.2,-21.2,-21.5,-20.8,26.1,110.13E+00,0.4740E+00,0.0260E+03,3.46487E+03
2024/12/16,20:27:00,4.5,1.7,-0.4,1.2,-21.1,-21.5,-20.8,26,110.14E+00,0.4723E+00,0.0259E+03,3.46531E+03
2024/12/16,20:28:00,4.5,1.7,-0.4,1.2,-21.1,-21.5,-20.8,25.9,110.14E+00,0.4782E+00,0.0263E+03,3.46574E+03
2024/12/16,20:29:00,4.5,1.7,-0.4,1.2,-21.1,-21.4,-20.8,26,110.14E+00,0.4749E+00,0.0260E+03,3.46617E+03
2024/12/16,20:30:00,4.5,1.7,-0.4,1.2,-21.1,-21.4,-20.7,26.1,110.14E+00,0.4733E+00,0.0260E+03,3.46661E+03
2024/12/16,20:31:00,4.5,1.7,-0.4,1.2,-21.1,-21.4,-20.7,26.2,110.14E+00,0.4756E+00,0.0262E+03,3.46704E+03
2024/12/16,20:32:00,4.5,1.8,-0.4,1.2,-21.1,-21.4,-20.7,26.2,110.14E+00,0.4734E+00,0.0259E+03,3.46748E+03
2024/12/16,20:33:00,4.5,1.7,-0.4,1.1,-21.1,-21.4,-20.7,26.1,110.14E+00,0.4727E+00,0.0259E+03,3.46791E+03
2024/12/16,20:34:00,4.5,1.8,-0.4,1.2,-21.1,-21.4,-20.7,26.2,110.14E+00,0.4760E+00,0.0261E+03,3.46835E+03
2024/12/16,20:35:00,4.5,1.7,-0.4,1.2,-21.1,-21.4,-20.7,26.1,110.14E+00,0.4738E+00,0.0260E+03,3.46878E+03
2024/12/16,20:36:00,4.5,1.8,-0.4,1.2,-21.1,-21.3,-20.6,26.1,110.14E+00,0.4759E+00,0.0261E+03,3.46921E+03
2024/12/16,20:37:00,4.5,1.8,-0.4,1.2,-21,-21.3,-20.6,26.1,110.14E+00,0.4745E+00,0.0260E+03,3.46965E+03
2024/12/16,20:38:00,4.5,1.7,-0.4,1.2,-21,-21.3,-20.6,26,110.14E+00,0.4776E+00,0.0262E+03,3.47008E+03
2024/12/16,20:39:00,4.5,1.8,-0.4,1.2,-21,-21.3,-20.6,26.1,110.13E+00,0.4778E+00,0.0262E+03,3.47052E+03
2024/12/16,20:40:00,4.4,1.8,-0.4,1.2,-21,-21.3,-20.6,26.1,110.13E+00,0.4787E+00,0.0263E+03,3.47095E+03
2024/12/16,20:41:00,4.4,1.8,-0.4,1.2,-21,-21.3,-20.6,26.1,110.14E+00,0.4780E+00,0.0263E+03,3.47139E+03
2024/12/16,20:42:00,4.4,1.8,-0.4,1.2,-21,-21.3,-20.6,26.1,110.14E+00,0.4809E+00,0.0264E+03,3.47182E+03
2024/12/16,20:43:00,4.4,1.8,-0.4,1.2,-21,-21.3,-20.6,26.4,110.14E+00,0.4784E+00,0.0262E+03,3.47226E+03
2024/12/16,20:44:00,4.4,1.8,-0.4,1.2,-21,-21.2,-20.5,26.1,110.13E+00,0.4753E+00,0.0260E+03,3.47269E+03
2024/12/16,20:45:00,4.4,1.8,-0.4,1.2,-21,-21.2,-20.5,26,110.14E+00,0.4777E+00,0.0262E+03,3.47313E+03
2024/12/16,20:46:00,4.5,1.8,-0.4,1.2,-20.9,-21.2,-20.5,26.2,110.14E+00,0.4738E+00,0.0260E+03,3.47356E+03
2024/12/16,20:47:00,4.4,1.8,-0.4,1.2,-21,-21.2,-20.5,26.4,110.13E+00,0.4776E+00,0.0262E+03,3.47400E+03
2024/12/16,20:48:00,4.4,1.8,-0.3,1.2,-20.9,-21.2,-20.5,26.4,110.13E+00,0.4765E+00,0.0262E+03,3.47443E+03
2024/12/16,20:49:00,4.4,1.8,-0.3,1.2,-20.9,-21.2,-20.5,26.1,110.14E+00,0.4827E+00,0.0265E+03,3.47487E+03
2024/12/16,20:50:00,4.4,1.8,-0.3,1.2,-20.9,-21.2,-20.5,26.3,110.14E+00,0.4734E+00,0.0259E+03,3.47530E+03
2024/12/16,20:51:00,4.4,1.8,-0.3,1.2,-20.9,-21.2,-20.5,26.2,110.13E+00,0.4768E+00,0.0262E+03,3.47574E+03
2024/12/16,20:52:00,4.4,1.8,-0.3,1.2,-20.9,-21.2,-20.5,26.3,110.14E+00,0.4773E+00,0.0261E+03,3.47617E+03
2024/12/16,20:53:00,4.4,1.8,-0.3,1.2,-20.9,-21.2,-20.4,26.4,110.14E+00,0.4779E+00,0.0263E+03,3.47661E+03
2024/12/16,20:54:00,4.4,1.8,-0.3,1.2,-20.9,-21.2,-20.4,26.3,110.14E+00,0.4747E+00,0.0260E+03,3.47704E+03
2024/12/16,20:55:00,4.4,1.8,-0.3,1.2,-20.9,-21.2,-20.4,26.3,110.14E+00,0.4754E+00,0.0261E+03,3.47748E+03
2024/12/16,20:56:00,4.4,1.8,-0.3,1.2,-20.9,-21.2,-20.4,26.2,110.12E+00,0.4790E+00,0.0263E+03,3.47792E+03
2024/12/16,20:57:00,4.4,1.8,-0.3,1.2,-20.8,-21.1,-20.4,26.3,110.13E+00,0.4804E+00,0.0264E+03,3.47835E+03
2024/12/16,20:58:00,4.4,1.8,-0.3,1.2,-20.8,-21.1,-20.4,26.3,110.13E+00,0.4800E+00,0.0264E+03,3.47879E+03
2024/12/16,20:59:00,4.4,1.8,-0.3,1.2,-20.8,-21.1,-20.4,26.1,110.13E+00,0.4708E+00,0.0258E+03,3.47922E+03
2024/12/16,21:00:00,4.4,1.8,-0.3,1.3,-20.8,-21.1,-20.4,26.2,110.13E+00,0.4775E+00,0.0262E+03,3.47966E+03
2024/12/16,21:01:00,4.4,1.8,-0.3,1.2,-20.8,-21.1,-20.4,26.1,110.13E+00,0.4734E+00,0.0259E+03,3.48009E+03
2024/12/16,21:02:00,4.4,1.8,-0.3,1.2,-20.8,-21.1,-20.3,26.4,110.13E+00,0.4752E+00,0.0261E+03,3.48053E+03
2024/12/16,21:03:00,4.4,1.8,-0.3,1.3,-20.8,-21.1,-20.3,26.1,110.12E+00,0.4753E+00,0.0261E+03,3.48096E+03
2024/12/16,21:04:00,4.4,1.8,-0.3,1.3,-20.8,-21.1,-20.3,26,110.13E+00,0.4774E+00,0.0262E+03,3.48140E+03
2024/12/16,21:05:00,4.4,1.8,-0.3,1.3,-20.8,-21.1,-20.3,26.1,110.13E+00,0.4733E+00,0.0260E+03,3.48184E+03
2024/12/16,21:06:00,4.4,1.8,-0.3,1.3,-20.8,-21.1,-20.3,26.1,110.13E+00,0.4797E+00,0.0264E+03,3.48227E+03
2024/12/16,21:07:00,4.4,1.8,-0.3,1.3,-20.8,-21,-20.3,26.1,110.12E+00,0.4715E+00,0.0258E+03,3.48271E+03
2024/12/16,21:08:00,4.4,1.8,-0.3,1.3,-20.8,-21.1,-20.3,26.1,110.13E+00,0.4782E+00,0.0262E+03,3.48314E+03
2024/12/16,21:09:00,4.4,1.8,-0.3,1.3,-20.8,-21,-20.3,26.1,110.13E+00,0.4752E+00,0.0261E+03,3.48358E+03
2024/12/16,21:10:00,4.4,1.8,-0.3,1.3,-20.8,-21,-20.3,26.1,110.13E+00,0.4742E+00,0.0260E+03,3.48401E+03
2024/12/16,21:11:00,4.4,1.8,-0.3,1.3,-20.8,-21,-20.3,26.2,110.12E+00,0.4737E+00,0.0259E+03,3.48445E+03
2024/12/16,21:12:00,4.4,1.8,-0.3,1.3,-20.8,-21,-20.3,26.2,110.12E+00,0.4772E+00,0.0262E+03,3.48489E+03
2024/12/16,21:13:00,4.4,1.8,-0.3,1.3,-20.8,-21,-20.3,26.2,110.13E+00,0.4744E+00,0.0260E+03,3.48532E+03
2024/12/16,21:14:00,4.4,1.8,-0.3,1.3,-20.8,-21,-20.3,26.3,110.13E+00,0.4790E+00,0.0263E+03,3.48576E+03
2024/12/16,21:15:00,4.4,1.8,-0.3,1.3,-20.7,-21,-20.2,26.1,110.13E+00,0.4733E+00,0.0259E+03,3.48620E+03
2024/12/16,21:16:00,4.4,1.8,-0.2,1.3,-20.7,-21,-20.2,26.2,110.13E+00,0.4771E+00,0.0262E+03,3.48663E+03
2024/12/16,21:17:00,4.4,1.8,-0.2,1.3,-20.7,-21,-20.2,26.1,110.13E+00,0.4795E+00,0.0263E+03,3.48707E+03
2024/12/16,21:18:00,4.4,1.9,-0.2,1.3,-20.7,-21,-20.2,26.1,110.13E+00,0.4778E+00,0.0262E+03,3.48751E+03
2024/12/16,21:19:00,4.4,1.8,-0.2,1.3,-20.7,-21,-20.2,26.2,110.13E+00,0.4730E+00,0.0260E+03,3.48794E+03
2024/12/16,21:20:00,4.4,1.8,-0.2,1.3,-20.7,-21,-20.2,26,110.13E+00,0.4803E+00,0.0264E+03,3.48838E+03
2024/12/16,21:21:00,4.4,1.8,-0.2,1.3,-20.7,-21,-20.2,26.2,110.13E+00,0.4769E+00,0.0262E+03,3.48881E+03
2024/12/16,21:22:00,4.4,1.8,-0.2,1.3,-20.7,-21,-20.2,26.2,110.13E+00,0.4814E+00,0.0264E+03,3.48925E+03
2024/12/16,21:23:00,4.4,1.8,-0.2,1.3,-20.7,-21,-20.2,26.2,110.13E+00,0.4761E+00,0.0261E+03,3.48969E+03
2024/12/16,21:24:00,4.4,1.9,-0.2,1.3,-20.7,-21,-20.2,26.1,110.13E+00,0.4734E+00,0.0259E+03,3.49012E+03
2024/12/16,21:25:00,4.4,1.9,-0.2,1.3,-20.7,-20.9,-20.2,26.2,110.13E+00,0.4796E+00,0.0263E+03,3.49056E+03
2024/12/16,21:26:00,4.4,1.9,-0.2,1.3,-20.7,-20.9,-20.2,26.1,110.12E+00,0.4741E+00,0.0260E+03,3.49100E+03
2024/12/16,21:27:00,4.4,1.9,-0.2,1.3,-20.7,-20.9,-20.2,26.2,110.12E+00,0.4752E+00,0.0261E+03,3.49143E+03
2024/12/16,21:28:00,4.4,1.9,-0.2,1.3,-20.7,-20.9,-20.2,26.1,110.13E+00,0.4769E+00,0.0262E+03,3.49187E+03
2024/12/16,21:29:00,4.4,1.9,-0.2,1.3,-20.7,-20.9,-20.2,26,110.12E+00,0.4803E+00,0.0264E+03,3.49231E+03
2024/12/16,21:30:00,4.4,1.9,-0.2,1.3,-20.7,-20.9,-20.2,26.1,110.13E+00,0.4729E+00,0.0260E+03,3.49274E+03
2024/12/16,21:31:00,4.4,1.9,-0.2,1.3,-20.7,-20.9,-20.2,26.2,110.13E+00,0.4775E+00,0.0262E+03,3.49318E+03
2024/12/16,21:32:00,4.4,1.9,-0.2,1.3,-20.7,-20.9,-20.2,26.2,110.13E+00,0.4784E+00,0.0263E+03,3.49362E+03
2024/12/16,21:33:00,4.4,1.9,-0.2,1.3,-20.7,-20.9,-20.1,26,110.13E+00,0.4793E+00,0.0263E+03,3.49405E+03
2024/12/16,21:34:00,4.4,1.9,-0.2,1.3,-20.7,-20.9,-20.2,26.2,110.12E+00,0.4764E+00,0.0261E+03,3.49449E+03
2024/12/16,21:35:00,4.4,1.9,-0.2,1.3,-20.7,-20.9,-20.1,26.2,110.12E+00,0.4781E+00,0.0262E+03,3.49493E+03
2024/12/16,21:36:00,4.4,1.9,-0.2,1.3,-20.7,-20.9,-20.1,26.1,110.12E+00,0.4773E+00,0.0262E+03,3.49536E+03
2024/12/16,21:37:00,4.4,1.9,-0.2,1.3,-20.6,-20.9,-20.1,26.1,110.13E+00,0.4798E+00,0.0264E+03,3.49580E+03
2024/12/16,21:38:00,4.4,1.9,-0.2,1.4,-20.6,-20.9,-20.1,26.1,110.13E+00,0.4765E+00,0.0261E+03,3.49624E+03
2024/12/16,21:39:00,4.4,1.9,-0.2,1.4,-20.6,-20.9,-20.1,26.1,110.12E+00,0.4767E+00,0.0262E+03,3.49667E+03
2024/12/16,21:40:00,4.4,1.9,-0.2,1.4,-20.6,-20.9,-20.1,26.2,110.12E+00,0.4790E+00,0.0263E+03,3.49711E+03
2024/12/16,21:41:00,4.4,1.9,-0.2,1.4,-20.6,-20.9,-20.1,26.2,110.12E+00,0.4730E+00,0.0259E+03,3.49755E+03
2024/12/16,21:42:00,4.4,1.9,-0.2,1.4,-20.6,-20.9,-20.1,26.2,110.12E+00,0.4808E+00,0.0264E+03,3.49798E+03
2024/12/16,21:43:00,4.4,1.9,-0.2,1.4,-20.6,-20.9,-20.1,26.1,110.12E+00,0.4780E+00,0.0262E+03,3.49842E+03
2024/12/16,21:44:00,4.4,1.9,-0.2,1.4,-20.6,-20.9,-20.1,26.2,110.12E+00,0.4759E+00,0.0261E+03,3.49886E+03
2024/12/16,21:45:00,4.4,1.9,-0.2,1.4,-20.6,-20.9,-20.1,26.2,110.12E+00,0.4715E+00,0.0259E+03,3.49929E+03
2024/12/16,21:46:00,4.4,1.9,-0.2,1.4,-20.6,-20.9,-20.1,26.1,110.13E+00,0.4756E+00,0.0261E+03,3.49973E+03
2024/12/16,21:47:00,4.4,1.9,-0.1,1.4,-20.6,-20.9,-20.1,26.1,110.12E+00,0.4741E+00,0.0260E+03,3.50017E+03
2024/12/16,21:48:00,4.4,1.9,-0.1,1.4,-20.6,-20.9,-20.1,26.2,110.12E+00,0.4779E+00,0.0262E+03,3.50061E+03
2024/12/16,21:49:00,4.4,1.9,-0.2,1.4,-20.6,-20.9,-20.1,26.2,110.12E+00,0.4725E+00,0.0259E+03,3.50104E+03
2024/12/16,21:50:00,4.4,1.9,-0.1,1.4,-20.6,-20.9,-20.1,26.1,110.13E+00,0.4772E+00,0.0262E+03,3.50148E+03
2024/12/16,21:51:00,4.4,1.9,-0.1,1.4,-20.6,-20.8,-20.1,26.1,110.12E+00,0.4741E+00,0.0259E+03,3.50192E+03
2024/12/16,21:52:00,4.4,1.9,-0.1,1.4,-20.6,-20.8,-20.1,26.2,110.12E+00,0.4795E+00,0.0263E+03,3.50235E+03
2024/12/16,21:53:00,4.4,1.9,-0.1,1.4,-20.6,-20.8,-20.1,26.2,110.12E+00,0.4731E+00,0.0259E+03,3.50279E+03
2024/12/16,21:54:00,4.4,1.9,-0.2,1.4,-20.6,-20.8,-20.1,26.2,110.12E+00,0.4792E+00,0.0263E+03,3.50323E+03
2024/12/16,21:55:00,4.4,1.9,-0.1,1.4,-20.6,-20.8,-20,26.1,110.12E+00,0.4766E+00,0.0261E+03,3.50366E+03
2024/12/16,21:56:00,4.4,1.9,-0.1,1.4,-20.6,-20.8,-20,26.1,110.13E+00,0.4767E+00,0.0262E+03,3.50410E+03
2024/12/16,21:57:00,4.4,1.9,-0.1,1.4,-20.6,-20.8,-20,26.3,110.12E+00,0.4733E+00,0.0259E+03,3.50454E+03
2024/12/16,21:58:00,4.4,1.9,-0.1,1.4,-20.6,-20.8,-20,26.4,110.13E+00,0.4783E+00,0.0263E+03,3.50497E+03
2024/12/16,21:59:00,4.4,1.9,-0.1,1.4,-20.6,-20.8,-20,26.2,110.12E+00,0.4782E+00,0.0263E+03,3.50541E+03
2024/12/16,22:00:00,4.4,1.9,-0.1,1.4,-20.6,-20.8,-20,26.2,110.13E+00,0.4836E+00,0.0266E+03,3.50585E+03
2024/12/16,22:01:00,4.4,1.9,-0.1,1.4,-20.6,-20.8,-20,26.3,110.13E+00,0.4787E+00,0.0263E+03,3.50629E+03
2024/12/16,22:02:00,4.4,1.9,-0.1,1.4,-20.6,-20.8,-20,26.2,110.12E+00,0.4801E+00,0.0264E+03,3.50672E+03
2024/12/16,22:03:00,4.4,1.9,-0.1,1.4,-20.6,-20.8,-20,26.2,110.12E+00,0.4754E+00,0.0261E+03,3.50716E+03
2024/12/16,22:04:00,4.4,1.9,-0.1,1.4,-20.6,-20.8,-20,26.5,110.13E+00,0.4817E+00,0.0265E+03,3.50760E+03
2024/12/16,22:05:00,4.4,1.9,-0.1,1.4,-20.6,-20.8,-20,26.4,110.12E+00,0.4782E+00,0.0262E+03,3.50803E+03
2024/12/16,22:06:00,4.4,1.9,-0.1,1.4,-20.6,-20.8,-20,26.2,110.13E+00,0.4750E+00,0.0260E+03,3.50847E+03
2024/12/16,22:07:00,4.4,1.9,-0.1,1.4,-20.6,-20.8,-20,26.4,110.13E+00,0.4759E+00,0.0261E+03,3.50891E+03
2024/12/16,22:08:00,4.4,1.9,-0.1,1.4,-20.6,-20.8,-20,26.5,110.13E+00,0.4779E+00,0.0262E+03,3.50935E+03
2024/12/16,22:09:00,4.4,1.9,-0.1,1.4,-20.6,-20.8,-20,26.3,110.13E+00,0.4792E+00,0.0263E+03,3.50978E+03
2024/12/16,22:10:00,4.4,1.9,-0.1,1.4,-20.5,-20.8,-20,26.4,110.13E+00,0.4819E+00,0.0265E+03,3.51022E+03
2024/12/16,22:11:00,4.4,1.9,-0.1,1.4,-20.5,-20.8,-20,26.2,110.13E+00,0.4789E+00,0.0263E+03,3.51066E+03
2024/12/16,22:12:00,4.3,1.9,-0.1,1.4,-20.5,-20.8,-20,26.2,110.12E+00,0.4787E+00,0.0262E+03,3.51109E+03
2024/12/16,22:13:00,4.4,1.9,-0.1,1.4,-20.5,-20.8,-20,26.2,110.13E+00,0.4797E+00,0.0264E+03,3.51153E+03
2024/12/16,22:14:00,4.4,1.9,-0.1,1.4,-20.5,-20.8,-20,26.3,110.13E+00,0.4826E+00,0.0265E+03,3.51197E+03
2024/12/16,22:15:00,4.4,2,-0.1,1.4,-20.5,-20.8,-20,26.2,110.13E+00,0.4794E+00,0.0263E+03,3.51240E+03
2024/12/16,22:16:00,4.4,1.9,-0.1,1.5,-20.5,-20.8,-20,26.2,110.13E+00,0.4801E+00,0.0263E+03,3.51284E+03
2024/12/16,22:17:00,4.4,1.9,-0.1,1.5,-20.5,-20.8,-20,26.3,110.12E+00,0.4823E+00,0.0265E+03,3.51328E+03
2024/12/16,22:18:00,4.4,2,-0.1,1.4,-20.5,-20.8,-20,26.4,110.13E+00,0.4781E+00,0.0262E+03,3.51372E+03
2024/12/16,22:19:00,4.4,2,-0.1,1.5,-20.5,-20.8,-20,26.2,110.13E+00,0.4780E+00,0.0262E+03,3.51416E+03
2024/12/16,22:20:00,4.4,2,-0.1,1.5,-20.5,-20.8,-20,26.2,110.13E+00,0.4801E+00,0.0264E+03,3.51460E+03
2024/12/16,22:21:00,4.4,2,-0.1,1.5,-20.5,-20.8,-20,26.3,110.13E+00,0.4753E+00,0.0261E+03,3.51503E+03
2024/12/16,22:22:00,4.4,1.9,-0.1,1.5,-20.5,-20.8,-20,26.2,110.13E+00,0.4806E+00,0.0264E+03,3.51547E+03
2024/12/16,22:23:00,4.4,1.9,-0.1,1.5,-20.5,-20.8,-20,26.1,110.13E+00,0.4794E+00,0.0263E+03,3.51591E+03
2024/12/16,22:24:00,4.4,1.9,0,1.5,-20.5,-20.8,-19.9,26.3,110.13E+00,0.4835E+00,0.0266E+03,3.51635E+03
2024/12/16,22:25:00,4.4,2,-0.1,1.5,-20.5,-20.8,-20,26.2,110.13E+00,0.4794E+00,0.0263E+03,3.51678E+03
2024/12/16,22:26:00,4.4,1.9,-0.1,1.5,-20.5,-20.8,-19.9,26.2,110.13E+00,0.4770E+00,0.0262E+03,3.51722E+03
2024/12/16,22:27:00,4.4,1.9,-0.1,1.5,-20.5,-20.8,-19.9,26.2,110.12E+00,0.4802E+00,0.0264E+03,3.51766E+03
2024/12/16,22:28:00,4.4,2,-0.1,1.5,-20.5,-20.7,-20,26.1,110.12E+00,0.4798E+00,0.0263E+03,3.51809E+03
2024/12/16,22:29:00,4.4,2,0,1.5,-20.5,-20.8,-19.9,26.1,110.12E+00,0.4774E+00,0.0262E+03,3.51853E+03
2024/12/16,22:30:00,4.4,2,0,1.5,-20.5,-20.8,-19.9,26.2,110.13E+00,0.4770E+00,0.0262E+03,3.51897E+03
2024/12/16,22:31:00,4.4,2,0,1.5,-20.5,-20.7,-19.9,26.3,110.12E+00,0.4767E+00,0.0262E+03,3.51941E+03
2024/12/16,22:32:00,4.4,2,-0.1,1.5,-20.5,-20.7,-19.9,26.3,110.12E+00,0.4739E+00,0.0260E+03,3.51984E+03
2024/12/16,22:33:00,4.4,2,-0.1,1.5,-20.5,-20.7,-19.9,26.2,110.12E+00,0.4817E+00,0.0265E+03,3.52028E+03
2024/12/16,22:34:00,4.4,2,-0.1,1.5,-20.5,-20.7,-19.9,26.1,110.12E+00,0.4791E+00,0.0263E+03,3.52072E+03
2024/12/16,22:35:00,4.4,2,0,1.5,-20.5,-20.7,-19.9,26.2,110.12E+00,0.4807E+00,0.0264E+03,3.52116E+03
2024/12/16,22:36:00,4.4,2,0,1.5,-20.5,-20.7,-19.9,26.1,110.12E+00,0.4784E+00,0.0263E+03,3.52159E+03
2024/12/16,22:37:00,4.4,2,-0.1,1.5,-20.5,-20.7,-19.9,26.5,110.12E+00,0.4780E+00,0.0263E+03,3.52203E+03
2024/12/16,22:38:00,4.4,2,0,1.5,-20.5,-20.7,-19.9,26.3,110.12E+00,0.4752E+00,0.0260E+03,3.52247E+03
2024/12/16,22:39:00,4.4,2,0,1.5,-20.5,-20.7,-19.9,26.2,110.12E+00,0.4814E+00,0.0265E+03,3.52291E+03
2024/12/16,22:40:00,4.4,2,0,1.5,-20.5,-20.7,-19.9,26.2,110.12E+00,0.4750E+00,0.0260E+03,3.52334E+03
2024/12/16,22:41:00,4.4,2,0,1.5,-20.5,-20.7,-19.9,26.2,110.12E+00,0.4763E+00,0.0261E+03,3.52378E+03
2024/12/16,22:42:00,4.4,2,0,1.5,-20.5,-20.7,-19.9,26.4,110.12E+00,0.4781E+00,0.0262E+03,3.52422E+03
2024/12/16,22:43:00,4.4,2,0,1.5,-20.5,-20.7,-19.9,26.2,110.12E+00,0.4793E+00,0.0263E+03,3.52466E+03
2024/12/16,22:44:00,4.4,2,0,1.5,-20.5,-20.7,-19.9,26.2,110.12E+00,0.4776E+00,0.0262E+03,3.52510E+03
2024/12/16,22:45:00,4.4,2,0,1.5,-20.5,-20.7,-19.9,26.1,110.12E+00,0.4833E+00,0.0266E+03,3.52553E+03
2024/12/16,22:46:00,4.4,2,0,1.5,-20.5,-20.7,-19.9,26.2,110.12E+00,0.4757E+00,0.0261E+03,3.52597E+03
2024/12/16,22:47:00,4.4,2,0,1.5,-20.5,-20.7,-19.9,26.3,110.12E+00,0.4794E+00,0.0263E+03,3.52641E+03
2024/12/16,22:48:00,4.4,2,0,1.5,-20.5,-20.7,-19.9,26.3,110.12E+00,0.4782E+00,0.0263E+03,3.52685E+03
2024/12/16,22:49:00,4.4,2,0,1.5,-20.5,-20.7,-19.9,26.2,110.13E+00,0.4809E+00,0.0264E+03,3.52728E+03
2024/12/16,22:50:00,4.4,2,0,1.5,-20.5,-20.7,-19.9,26.1,110.13E+00,0.4797E+00,0.0263E+03,3.52772E+03
2024/12/16,22:51:00,4.4,2,0,1.5,-20.4,-20.7,-19.9,26.2,110.13E+00,0.4776E+00,0.0262E+03,3.52816E+03
2024/12/16,22:52:00,4.4,2,0,1.5,-20.5,-20.7,-19.9,26.2,110.13E+00,0.4784E+00,0.0262E+03,3.52860E+03
2024/12/16,22:53:00,4.4,2,0,1.6,-20.4,-20.7,-19.9,26.3,110.13E+00,0.4800E+00,0.0263E+03,3.52904E+03
2024/12/16,22:54:00,4.4,2,0,1.5,-20.5,-20.7,-19.9,26.2,110.13E+00,0.4743E+00,0.0260E+03,3.52947E+03
2024/12/16,22:55:00,4.4,2,0,1.5,-20.5,-20.7,-19.9,26.4,110.13E+00,0.4784E+00,0.0263E+03,3.52991E+03
2024/12/16,22:56:00,4.4,2,0,1.6,-20.4,-20.7,-19.9,26.2,110.13E+00,0.4816E+00,0.0265E+03,3.53035E+03
2024/12/16,22:57:00,4.4,2,0,1.5,-20.5,-20.7,-19.9,26.2,110.12E+00,0.4806E+00,0.0264E+03,3.53079E+03
2024/12/16,22:58:00,4.4,2,0,1.6,-20.5,-20.7,-19.9,26.2,110.12E+00,0.4784E+00,0.0263E+03,3.53123E+03
2024/12/16,22:59:00,4.4,2,0,1.6,-20.4,-20.7,-19.9,26.2,110.12E+00,0.4805E+00,0.0263E+03,3.53166E+03
2024/12/16,23:00:00,4.4,2,0,1.6,-20.4,-20.7,-19.9,26.2,110.12E+00,0.4772E+00,0.0262E+03,3.53210E+03
2024/12/16,23:01:00,4.4,2,0,1.6,-20.4,-20.7,-19.9,26.1,110.12E+00,0.4787E+00,0.0263E+03,3.53254E+03
2024/12/16,23:02:00,4.4,2,0,1.6,-20.4,-20.7,-19.9,26.1,110.12E+00,0.4794E+00,0.0263E+03,3.53298E+03
2024/12/16,23:03:00,4.4,2,0,1.6,-20.4,-20.7,-19.9,26.2,110.12E+00,0.4770E+00,0.0262E+03,3.53342E+03
2024/12/16,23:04:00,4.4,2,0,1.6,-20.4,-20.7,-19.9,26.2,110.13E+00,0.4798E+00,0.0263E+03,3.53385E+03
2024/12/16,23:05:00,4.4,2,0,1.6,-20.4,-20.7,-19.9,26.1,110.13E+00,0.4778E+00,0.0262E+03,3.53429E+03
2024/12/16,23:06:00,4.4,2,0,1.6,-20.4,-20.7,-19.9,26.2,110.12E+00,0.4822E+00,0.0265E+03,3.53473E+03
2024/12/16,23:07:00,4.4,2,0,1.6,-20.4,-20.7,-19.9,26.2,110.13E+00,0.4778E+00,0.0263E+03,3.53517E+03
2024/12/16,23:08:00,4.4,2,0,1.6,-20.4,-20.7,-19.9,26.3,110.12E+00,0.4811E+00,0.0264E+03,3.53561E+03
2024/12/16,23:09:00,4.4,2,0,1.6,-20.4,-20.7,-19.9,26.2,110.13E+00,0.4779E+00,0.0262E+03,3.53604E+03
2024/12/16,23:10:00,4.4,2,0,1.6,-20.4,-20.7,-19.9,26.1,110.12E+00,0.4776E+00,0.0262E+03,3.53648E+03
2024/12/16,23:11:00,4.4,2,0,1.6,-20.4,-20.7,-19.9,26.1,110.12E+00,0.4838E+00,0.0266E+03,3.53692E+03
2024/12/16,23:12:00,4.4,2,0.1,1.6,-20.4,-20.7,-19.9,26.2,110.13E+00,0.4788E+00,0.0264E+03,3.53736E+03
2024/12/16,23:13:00,4.4,2,0,1.6,-20.4,-20.7,-19.8,26.3,110.13E+00,0.4769E+00,0.0262E+03,3.53780E+03
2024/12/16,23:14:00,4.4,2,0.1,1.6,-20.4,-20.7,-19.8,26.2,110.13E+00,0.4809E+00,0.0265E+03,3.53823E+03
2024/12/16,23:15:00,4.4,2,0,1.6,-20.4,-20.7,-19.8,26.2,110.13E+00,0.4784E+00,0.0262E+03,3.53867E+03
2024/12/16,23:16:00,4.4,2,0,1.6,-20.4,-20.7,-19.9,26.4,110.13E+00,0.4823E+00,0.0265E+03,3.53911E+03
2024/12/16,23:17:00,4.4,2,0,1.6,-20.4,-20.7,-19.9,26.4,110.13E+00,0.4758E+00,0.0261E+03,3.53955E+03
2024/12/16,23:18:00,4.4,2,0,1.6,-20.4,-20.7,-19.9,26.4,110.12E+00,0.4773E+00,0.0262E+03,3.53998E+03
2024/12/16,23:19:00,4.4,2,0.1,1.6,-20.4,-20.6,-19.9,26.4,110.12E+00,0.4790E+00,0.0263E+03,3.54042E+03
2024/12/16,23:20:00,4.4,2,0,1.6,-20.4,-20.7,-19.9,26.3,110.12E+00,0.4778E+00,0.0262E+03,3.54086E+03
2024/12/16,23:21:00,4.4,2,0.1,1.6,-20.4,-20.6,-19.9,26.3,110.12E+00,0.4770E+00,0.0262E+03,3.54130E+03
2024/12/16,23:22:00,4.4,2,0.1,1.6,-20.4,-20.7,-19.8,26.3,110.12E+00,0.4827E+00,0.0264E+03,3.54173E+03
2024/12/16,23:23:00,4.4,2,0.1,1.6,-20.4,-20.7,-19.8,26.6,110.12E+00,0.4787E+00,0.0263E+03,3.54217E+03
2024/12/16,23:24:00,4.4,2,0.1,1.6,-20.4,-20.6,-19.8,26.3,110.11E+00,0.4755E+00,0.0261E+03,3.54261E+03
2024/12/16,23:25:00,4.4,2,0.1,1.6,-20.4,-20.6,-19.8,26.3,110.11E+00,0.4765E+00,0.0262E+03,3.54305E+03
2024/12/16,23:26:00,4.4,2,0.1,1.6,-20.4,-20.6,-19.8,26.2,110.12E+00,0.4753E+00,0.0261E+03,3.54349E+03
2024/12/16,23:27:00,4.4,2,0.1,1.6,-20.4,-20.6,-19.8,26.2,110.12E+00,0.4799E+00,0.0264E+03,3.54392E+03
2024/12/16,23:28:00,4.4,2.1,0.1,1.6,-20.4,-20.6,-19.8,26.2,110.11E+00,0.4781E+00,0.0262E+03,3.54436E+03
2024/12/16,23:29:00,4.4,2,0.1,1.6,-20.4,-20.6,-19.8,26.3,110.12E+00,0.4799E+00,0.0264E+03,3.54480E+03
2024/12/16,23:30:00,4.4,2,0.1,1.6,-20.4,-20.6,-19.8,26.2,110.11E+00,0.4746E+00,0.0260E+03,3.54524E+03
2024/12/16,23:31:00,4.4,2.1,0.1,1.6,-20.4,-20.6,-19.8,26.6,110.12E+00,0.4781E+00,0.0262E+03,3.54567E+03
2024/12/16,23:32:00,4.4,2,0.1,1.6,-20.4,-20.6,-19.8,26.2,110.12E+00,0.4750E+00,0.0259E+03,3.54611E+03
2024/12/16,23:33:00,4.4,2.1,0.1,1.6,-20.4,-20.6,-19.8,26.3,110.12E+00,0.4834E+00,0.0266E+03,3.54655E+03
2024/12/16,23:34:00,4.4,2,0.1,1.6,-20.4,-20.6,-19.8,26.2,110.12E+00,0.4746E+00,0.0260E+03,3.54699E+03
2024/12/16,23:35:00,4.4,2.1,0.1,1.6,-20.4,-20.6,-19.8,26.2,110.12E+00,0.4786E+00,0.0263E+03,3.54743E+03
2024/12/16,23:36:00,4.4,2,0.1,1.6,-20.4,-20.6,-19.8,26.2,110.12E+00,0.4717E+00,0.0259E+03,3.54786E+03
2024/12/16,23:37:00,4.4,2.1,0.1,1.6,-20.4,-20.6,-19.8,26.3,110.12E+00,0.4798E+00,0.0263E+03,3.54830E+03
2024/12/16,23:38:00,4.4,2,0.1,1.6,-20.4,-20.6,-19.8,26.2,110.11E+00,0.4776E+00,0.0262E+03,3.54874E+03
2024/12/16,23:39:00,4.4,2.1,0.1,1.6,-20.4,-20.6,-19.8,26.4,110.11E+00,0.4764E+00,0.0261E+03,3.54918E+03
2024/12/16,23:40:00,4.4,2,0.1,1.6,-20.4,-20.6,-19.8,26.5,110.11E+00,0.4824E+00,0.0265E+03,3.54962E+03
2024/12/16,23:41:00,4.4,2.1,0.1,1.6,-20.4,-20.6,-19.8,26.6,110.12E+00,0.4777E+00,0.0262E+03,3.55005E+03
2024/12/16,23:42:00,4.4,2,0.1,1.6,-20.4,-20.6,-19.8,26.3,110.12E+00,0.4787E+00,0.0263E+03,3.55049E+03
2024/12/16,23:43:00,4.4,2,0.1,1.6,-20.4,-20.6,-19.8,26.3,110.11E+00,0.4742E+00,0.0260E+03,3.55093E+03
2024/12/16,23:44:00,4.4,2.1,0.1,1.6,-20.4,-20.6,-19.8,26.2,110.12E+00,0.4772E+00,0.0262E+03,3.55137E+03
2024/12/16,23:45:00,4.4,2.1,0.1,1.6,-20.4,-20.6,-19.8,26.3,110.11E+00,0.4774E+00,0.0262E+03,3.55181E+03
2024/12/16,23:46:00,4.4,2.1,0.1,1.6,-20.4,-20.6,-19.8,26.2,110.12E+00,0.4787E+00,0.0263E+03,3.55224E+03
2024/12/16,23:47:00,4.4,2.1,0.1,1.7,-20.4,-20.6,-19.8,26.2,110.11E+00,0.4795E+00,0.0263E+03,3.55268E+03
2024/12/16,23:48:00,4.4,2.1,0.1,1.7,-20.4,-20.6,-19.8,26.2,110.11E+00,0.4763E+00,0.0262E+03,3.55312E+03
2024/12/16,23:49:00,4.4,2.1,0.1,1.6,-20.4,-20.6,-19.8,26.4,110.11E+00,0.4749E+00,0.0260E+03,3.55356E+03
2024/12/16,23:50:00,4.4,2.1,0.1,1.7,-20.3,-20.6,-19.8,26.3,110.11E+00,0.4787E+00,0.0263E+03,3.55399E+03
2024/12/16,23:51:00,4.4,2.1,0.1,1.7,-20.4,-20.6,-19.8,26.2,110.11E+00,0.4746E+00,0.0259E+03,3.55443E+03
2024/12/16,23:52:00,4.4,2.1,0.1,1.7,-20.4,-20.6,-19.8,26.2,110.12E+00,0.4825E+00,0.0265E+03,3.55487E+03
2024/12/16,23:53:00,4.4,2.1,0.1,1.7,-20.4,-20.6,-19.8,26.2,110.11E+00,0.4782E+00,0.0262E+03,3.55531E+03
2024/12/16,23:54:00,4.4,2.1,0.1,1.7,-20.3,-20.6,-19.8,26.2,110.11E+00,0.4782E+00,0.0262E+03,3.55575E+03
2024/12/16,23:55:00,4.4,2.1,0.1,1.7,-20.3,-20.6,-19.8,26.4,110.12E+00,0.4766E+00,0.0261E+03,3.55618E+03
2024/12/16,23:56:00,4.4,2.1,0.1,1.7,-20.3,-20.6,-19.8,26.2,110.12E+00,0.4847E+00,0.0266E+03,3.55662E+03
2024/12/16,23:57:00,4.4,2.1,0.1,1.7,-20.3,-20.6,-19.8,26.3,110.11E+00,0.4816E+00,0.0264E+03,3.55706E+03
2024/12/16,23:58:00,4.4,2.1,0.1,1.7,-20.3,-20.6,-19.8,26.2,110.11E+00,0.4806E+00,0.0264E+03,3.55750E+03
2024/12/16,23:59:00,4.4,2.1,0.1,1.7,-20.3,-20.6,-19.8,26.3,110.11E+00,0.4812E+00,0.0264E+03,3.55793E+03
2024/12/17,00:00:00,4.4,2.1,0.1,1.7,-20.4,-20.6,-19.8,26.2,110.11E+00,0.4782E+00,0.0263E+03,3.55837E+03
2024/12/17,00:01:00,4.4,2.1,0.1,1.7,-20.3,-20.6,-19.8,26.2,110.12E+00,0.4806E+00,0.0264E+03,3.55881E+03
2024/12/17,00:02:00,4.4,2.1,0.1,1.7,-20.3,-20.6,-19.8,26.3,110.11E+00,0.4755E+00,0.0261E+03,3.55925E+03
2024/12/17,00:03:00,4.4,2.1,0.1,1.7,-20.3,-20.6,-19.8,26.3,110.11E+00,0.4792E+00,0.0263E+03,3.55969E+03
2024/12/17,00:04:00,4.4,2.1,0.1,1.7,-20.3,-20.6,-19.8,26.2,110.12E+00,0.4761E+00,0.0261E+03,3.56012E+03
2024/12/17,00:05:00,4.4,2.1,0.1,1.7,-20.4,-20.6,-19.8,26.3,110.12E+00,0.4779E+00,0.0262E+03,3.56056E+03
2024/12/17,00:06:00,4.4,2.1,0.1,1.7,-20.4,-20.6,-19.8,26.2,110.12E+00,0.4760E+00,0.0261E+03,3.56100E+03
2024/12/17,00:07:00,4.4,2.1,0.1,1.7,-20.4,-20.6,-19.8,26.2,110.11E+00,0.4807E+00,0.0264E+03,3.56144E+03
2024/12/17,00:08:00,4.4,2.1,0.1,1.7,-20.3,-20.6,-19.8,26.1,110.11E+00,0.4798E+00,0.0263E+03,3.56188E+03
2024/12/17,00:09:00,4.4,2.1,0.1,1.7,-20.3,-20.6,-19.8,26.3,110.12E+00,0.4787E+00,0.0263E+03,3.56231E+03
2024/12/17,00:10:00,4.4,2.1,0.1,1.7,-20.4,-20.6,-19.8,26.1,110.12E+00,0.4775E+00,0.0262E+03,3.56275E+03
2024/12/17,00:11:00,4.4,2.1,0.1,1.7,-20.3,-20.6,-19.8,26.3,110.12E+00,0.4781E+00,0.0262E+03,3.56319E+03
2024/12/17,00:12:00,4.4,2.1,0.1,1.7,-20.3,-20.6,-19.8,26.3,110.11E+00,0.4775E+00,0.0262E+03,3.56362E+03
2024/12/17,00:13:00,4.4,2.1,0.1,1.7,-20.3,-20.6,-19.8,26.3,110.12E+00,0.4825E+00,0.0265E+03,3.56406E+03
2024/12/17,00:14:00,4.4,2.1,0.1,1.7,-20.3,-20.6,-19.8,26.1,110.11E+00,0.4793E+00,0.0263E+03,3.56450E+03
2024/12/17,00:15:00,4.4,2.1,0.1,1.7,-20.3,-20.6,-19.8,26.3,110.11E+00,0.4789E+00,0.0263E+03,3.56494E+03
2024/12/17,00:16:00,4.4,2.1,0.1,1.7,-20.3,-20.6,-19.8,26.2,110.11E+00,0.4798E+00,0.0263E+03,3.56538E+03
2024/12/17,00:17:00,4.4,2.1,0.1,1.7,-20.3,-20.6,-19.8,26.2,110.11E+00,0.4783E+00,0.0263E+03,3.56581E+03
2024/12/17,00:18:00,4.4,2.1,0.1,1.7,-20.3,-20.6,-19.8,26.2,110.11E+00,0.4789E+00,0.0263E+03,3.56625E+03
2024/12/17,00:19:00,4.4,2.1,0.1,1.7,-20.3,-20.6,-19.8,26.3,110.12E+00,0.4770E+00,0.0262E+03,3.56669E+03
2024/12/17,00:20:00,4.4,2.1,0.1,1.7,-20.3,-20.6,-19.8,26.3,110.11E+00,0.4833E+00,0.0265E+03,3.56713E+03
2024/12/17,00:21:00,4.4,2.1,0.1,1.7,-20.3,-20.6,-19.8,26.1,110.11E+00,0.4769E+00,0.0262E+03,3.56757E+03
2024/12/17,00:22:00,4.4,2.1,0.1,1.7,-20.3,-20.6,-19.8,26.2,110.11E+00,0.4800E+00,0.0264E+03,3.56800E+03
2024/12/17,00:23:00,4.4,2.1,0.1,1.7,-20.3,-20.6,-19.8,26.3,110.12E+00,0.4777E+00,0.0262E+03,3.56844E+03
2024/12/17,00:24:00,4.4,2.1,0.1,1.7,-20.3,-20.6,-19.8,26.3,110.11E+00,0.4818E+00,0.0265E+03,3.56888E+03
2024/12/17,00:25:00,4.4,2.1,0.1,1.7,-20.3,-20.6,-19.8,26.1,110.11E+00,0.4778E+00,0.0262E+03,3.56932E+03
2024/12/17,00:26:00,4.4,2.1,0.1,1.7,-20.3,-20.6,-19.8,26.3,110.12E+00,0.4793E+00,0.0263E+03,3.56975E+03
2024/12/17,00:27:00,4.4,2.1,0.1,1.7,-20.3,-20.6,-19.8,26.2,110.11E+00,0.4779E+00,0.0262E+03,3.57019E+03
2024/12/17,00:28:00,4.4,2.1,0.1,1.7,-20.3,-20.6,-19.7,26.2,110.11E+00,0.4834E+00,0.0266E+03,3.57063E+03
2024/12/17,00:29:00,4.4,2.1,0.1,1.7,-20.3,-20.6,-19.8,26.4,110.12E+00,0.4790E+00,0.0263E+03,3.57107E+03
2024/12/17,00:30:00,4.4,2.1,0.1,1.7,-20.3,-20.6,-19.8,26.5,110.12E+00,0.4817E+00,0.0265E+03,3.57151E+03
2024/12/17,00:31:00,4.4,2.1,0.1,1.7,-20.3,-20.6,-19.7,26.3,110.12E+00,0.4799E+00,0.0263E+03,3.57194E+03
2024/12/17,00:32:00,4.4,2.1,0.1,1.7,-20.3,-20.6,-19.8,26.3,110.12E+00,0.4810E+00,0.0265E+03,3.57238E+03
2024/12/17,00:33:00,4.4,2.1,0.1,1.7,-20.3,-20.6,-19.7,26.3,110.12E+00,0.4786E+00,0.0263E+03,3.57282E+03
2024/12/17,00:34:00,4.4,2.1,0.1,1.7,-20.3,-20.6,-19.7,26.2,110.11E+00,0.4803E+00,0.0264E+03,3.57326E+03
2024/12/17,00:35:00,4.4,2.1,0.1,1.7,-20.3,-20.6,-19.8,26.2,110.12E+00,0.4771E+00,0.0262E+03,3.57369E+03
2024/12/17,00:36:00,4.4,2.1,0.1,1.7,-20.3,-20.6,-19.7,26.3,110.11E+00,0.4830E+00,0.0266E+03,3.57413E+03
2024/12/17,00:37:00,4.4,2.1,0.1,1.7,-20.3,-20.6,-19.7,26.2,110.12E+00,0.4794E+00,0.0263E+03,3.57457E+03
2024/12/17,00:38:00,4.4,2.1,0.1,1.7,-20.3,-20.6,-19.8,26.3,110.11E+00,0.4800E+00,0.0264E+03,3.57501E+03
2024/12/17,00:39:00,4.4,2.1,0.1,1.7,-20.3,-20.6,-19.7,26.2,110.12E+00,0.4772E+00,0.0262E+03,3.57545E+03
2024/12/17,00:40:00,4.4,2.1,0.1,1.7,-20.3,-20.6,-19.8,26.2,110.11E+00,0.4791E+00,0.0263E+03,3.57589E+03
2024/12/17,00:41:00,4.4,2.1,0.1,1.7,-20.3,-20.6,-19.8,26.3,110.11E+00,0.4833E+00,0.0266E+03,3.57632E+03
2024/12/17,00:42:00,4.4,2.1,0.2,1.7,-20.3,-20.6,-19.7,26.2,110.12E+00,0.4771E+00,0.0262E+03,3.57676E+03
2024/12/17,00:43:00,4.4,2.1,0.1,1.7,-20.3,-20.6,-19.7,26.5,110.11E+00,0.4791E+00,0.0263E+03,3.57720E+03
2024/12/17,00:44:00,4.4,2.1,0.1,1.7,-20.3,-20.5,-19.7,26.4,110.12E+00,0.4833E+00,0.0266E+03,3.57764E+03
2024/12/17,00:45:00,4.4,2.1,0.2,1.7,-20.3,-20.6,-19.8,26.3,110.12E+00,0.4806E+00,0.0264E+03,3.57808E+03
2024/12/17,00:46:00,4.4,2.1,0.1,1.7,-20.3,-20.6,-19.7,26.3,110.12E+00,0.4790E+00,0.0263E+03,3.57852E+03
2024/12/17,00:47:00,4.4,2.1,0.2,1.7,-20.3,-20.6,-19.7,26.3,110.11E+00,0.4788E+00,0.0263E+03,3.57895E+03
2024/12/17,00:48:00,4.4,2.1,0.1,1.7,-20.3,-20.5,-19.7,26.4,110.11E+00,0.4778E+00,0.0262E+03,3.57939E+03
2024/12/17,00:49:00,4.4,2.1,0.1,1.7,-20.3,-20.5,-19.7,26.2,110.11E+00,0.4777E+00,0.0263E+03,3.57983E+03
2024/12/17,00:50:00,4.4,2.1,0.2,1.7,-20.3,-20.6,-19.7,26.2,110.12E+00,0.4782E+00,0.0262E+03,3.58027E+03
2024/12/17,00:51:00,4.4,2.1,0.2,1.7,-20.3,-20.6,-19.7,26.2,110.12E+00,0.4783E+00,0.0262E+03,3.58070E+03
2024/12/17,00:52:00,4.4,2.1,0.1,1.7,-20.3,-20.6,-19.7,26.2,110.11E+00,0.4773E+00,0.0262E+03,3.58114E+03
2024/12/17,00:53:00,4.4,2.1,0.1,1.7,-20.3,-20.5,-19.7,26.3,110.12E+00,0.4828E+00,0.0265E+03,3.58158E+03
2024/12/17,00:54:00,4.4,2.1,0.2,1.7,-20.3,-20.5,-19.7,26.3,110.12E+00,0.4811E+00,0.0264E+03,3.58202E+03
2024/12/17,00:55:00,4.4,2.1,0.2,1.7,-20.3,-20.5,-19.7,26.4,110.12E+00,0.4815E+00,0.0264E+03,3.58246E+03
2024/12/17,00:56:00,4.4,2.1,0.2,1.7,-20.3,-20.5,-19.7,26.2,110.12E+00,0.4754E+00,0.0261E+03,3.58290E+03
2024/12/17,00:57:00,4.4,2.1,0.1,1.7,-20.3,-20.6,-19.7,26.2,110.12E+00,0.4819E+00,0.0265E+03,3.58333E+03
2024/12/17,00:58:00,4.4,2.1,0.2,1.7,-20.3,-20.5,-19.7,26.3,110.12E+00,0.4743E+00,0.0260E+03,3.58377E+03
2024/12/17,00:59:00,4.4,2.1,0.1,1.7,-20.3,-20.5,-19.7,26.1,110.12E+00,0.4771E+00,0.0262E+03,3.58421E+03
2024/12/17,01:00:00,4.4,2.1,0.2,1.7,-20.3,-20.5,-19.7,26.5,110.11E+00,0.4767E+00,0.0261E+03,3.58465E+03
2024/12/17,01:01:00,4.4,2.1,0.2,1.7,-20.3,-20.5,-19.7,26.3,110.12E+00,0.4806E+00,0.0264E+03,3.58509E+03
2024/12/17,01:02:00,4.4,2.1,0.2,1.7,-20.3,-20.5,-19.7,26.3,110.12E+00,0.4789E+00,0.0262E+03,3.58552E+03
2024/12/17,01:03:00,4.4,2.1,0.2,1.7,-20.3,-20.5,-19.7,26.3,110.11E+00,0.4825E+00,0.0265E+03,3.58596E+03
2024/12/17,01:04:00,4.4,2.1,0.2,1.7,-20.3,-20.5,-19.7,26.3,110.12E+00,0.4807E+00,0.0264E+03,3.58640E+03
2024/12/17,01:05:00,4.4,2.1,0.2,1.7,-20.3,-20.5,-19.7,26.2,110.11E+00,0.4776E+00,0.0262E+03,3.58684E+03
2024/12/17,01:06:00,4.4,2.1,0.2,1.7,-20.3,-20.5,-19.7,26.3,110.12E+00,0.4764E+00,0.0262E+03,3.58728E+03
2024/12/17,01:07:00,4.4,2.1,0.2,1.7,-20.3,-20.5,-19.7,26.2,110.12E+00,0.4821E+00,0.0265E+03,3.58771E+03
2024/12/17,01:08:00,4.4,2.1,0.1,1.7,-20.3,-20.5,-19.7,26.2,110.12E+00,0.4770E+00,0.0262E+03,3.58815E+03
2024/12/17,01:09:00,4.4,2.1,0.2,1.7,-20.3,-20.5,-19.7,26.4,110.11E+00,0.4822E+00,0.0265E+03,3.58859E+03
2024/12/17,01:10:00,4.4,2.1,0.2,1.7,-20.3,-20.5,-19.7,26.3,110.12E+00,0.4804E+00,0.0264E+03,3.58903E+03
2024/12/17,01:11:00,4.4,2.1,0.2,1.7,-20.3,-20.5,-19.7,26.3,110.12E+00,0.4791E+00,0.0263E+03,3.58946E+03
2024/12/17,01:12:00,4.4,2.1,0.2,1.7,-20.3,-20.5,-19.7,26.2,110.11E+00,0.4836E+00,0.0266E+03,3.58990E+03
2024/12/17,01:13:00,4.4,2.1,0.1,1.7,-20.3,-20.5,-19.7,26.2,110.12E+00,0.4796E+00,0.0263E+03,3.59034E+03
2024/12/17,01:14:00,4.4,2.1,0.2,1.7,-20.3,-20.5,-19.7,26.4,110.11E+00,0.4772E+00,0.0262E+03,3.59078E+03
2024/12/17,01:15:00,4.4,2.1,0.2,1.7,-20.3,-20.5,-19.7,26.3,110.12E+00,0.4789E+00,0.0263E+03,3.59121E+03
2024/12/17,01:16:00,4.4,2.1,0.2,1.7,-20.3,-20.6,-19.7,26.3,110.12E+00,0.4768E+00,0.0262E+03,3.59165E+03
2024/12/17,01:17:00,4.4,2.1,0.2,1.7,-20.3,-20.5,-19.7,26.1,110.12E+00,0.4845E+00,0.0266E+03,3.59209E+03
2024/12/17,01:18:00,4.4,2.1,0.2,1.7,-20.3,-20.5,-19.7,26.2,110.11E+00,0.4786E+00,0.0263E+03,3.59253E+03
2024/12/17,01:19:00,4.4,2.1,0.2,1.8,-20.3,-20.5,-19.7,26.2,110.12E+00,0.4810E+00,0.0264E+03,3.59297E+03
2024/12/17,01:20:00,4.4,2.1,0.2,1.7,-20.3,-20.5,-19.7,26.2,110.12E+00,0.4768E+00,0.0262E+03,3.59340E+03
2024/12/17,01:21:00,4.4,2.1,0.2,1.8,-20.3,-20.5,-19.7,26.3,110.12E+00,0.4775E+00,0.0261E+03,3.59384E+03
2024/12/17,01:22:00,4.4,2.1,0.2,1.7,-20.3,-20.5,-19.7,26.3,110.12E+00,0.4764E+00,0.0263E+03,3.59428E+03
2024/12/17,01:23:00,4.4,2.1,0.2,1.8,-20.3,-20.5,-19.7,26.2,110.12E+00,0.4754E+00,0.0260E+03,3.59472E+03
2024/12/17,01:24:00,4.4,2.1,0.2,1.7,-20.3,-20.5,-19.7,26.3,110.12E+00,0.4788E+00,0.0263E+03,3.59516E+03
2024/12/17,01:25:00,4.4,2.1,0.2,1.7,-20.3,-20.5,-19.7,26.3,110.12E+00,0.4730E+00,0.0259E+03,3.59560E+03
2024/12/17,01:26:00,4.4,2.1,0.2,1.8,-20.3,-20.5,-19.7,26.4,110.12E+00,0.4782E+00,0.0262E+03,3.59603E+03
2024/12/17,01:27:00,4.4,2.1,0.2,1.8,-20.3,-20.5,-19.7,26.2,110.12E+00,0.4771E+00,0.0262E+03,3.59647E+03
2024/12/17,01:28:00,4.4,2.1,0.2,1.8,-20.3,-20.5,-19.7,26.2,110.12E+00,0.4801E+00,0.0264E+03,3.59691E+03
2024/12/17,01:29:00,4.4,2.1,0.2,1.8,-20.3,-20.5,-19.7,26.3,110.12E+00,0.4737E+00,0.0260E+03,3.59735E+03
2024/12/17,01:30:00,4.4,2.1,0.2,1.8,-20.3,-20.5,-19.7,26.2,110.12E+00,0.4841E+00,0.0266E+03,3.59779E+03
2024/12/17,01:31:00,4.5,2.2,0.2,1.8,-20.3,-20.5,-19.7,26.3,110.12E+00,0.4781E+00,0.0262E+03,3.59822E+03
2024/12/17,01:32:00,4.4,2.1,0.2,1.7,-20.3,-20.5,-19.7,26.2,110.12E+00,0.4828E+00,0.0265E+03,3.59866E+03
2024/12/17,01:33:00,4.4,2.1,0.2,1.8,-20.3,-20.5,-19.7,26.2,110.11E+00,0.4761E+00,0.0261E+03,3.59910E+03
2024/12/17,01:34:00,4.4,2.1,0.2,1.8,-20.3,-20.5,-19.7,26.2,110.12E+00,0.4774E+00,0.0262E+03,3.59954E+03
2024/12/17,01:35:00,4.4,2.1,0.2,1.8,-20.3,-20.5,-19.7,26.2,110.12E+00,0.4764E+00,0.0261E+03,3.59998E+03
2024/12/17,01:36:00,4.4,2.1,0.2,1.8,-20.3,-20.5,-19.7,26.2,110.12E+00,0.4817E+00,0.0265E+03,3.60042E+03
2024/12/17,01:37:00,4.4,2.1,0.2,1.8,-20.3,-20.5,-19.7,26.2,110.12E+00,0.4810E+00,0.0264E+03,3.60085E+03
2024/12/17,01:38:00,4.4,2.1,0.2,1.8,-20.3,-20.5,-19.7,26.2,110.11E+00,0.4810E+00,0.0264E+03,3.60129E+03
2024/12/17,01:39:00,4.4,2.1,0.2,1.8,-20.3,-20.5,-19.7,26.2,110.11E+00,0.4742E+00,0.0260E+03,3.60173E+03
2024/12/17,01:40:00,4.4,2.1,0.2,1.8,-20.3,-20.5,-19.7,26.2,110.12E+00,0.4841E+00,0.0266E+03,3.60217E+03
2024/12/17,01:41:00,4.4,2.1,0.2,1.8,-20.3,-20.5,-19.7,26.2,110.11E+00,0.4757E+00,0.0261E+03,3.60261E+03
2024/12/17,01:42:00,4.4,2.2,0.2,1.8,-20.3,-20.5,-19.7,26.5,110.12E+00,0.4831E+00,0.0266E+03,3.60304E+03
2024/12/17,01:43:00,4.4,2.1,0.2,1.8,-20.3,-20.5,-19.7,26.3,110.12E+00,0.4795E+00,0.0263E+03,3.60348E+03
2024/12/17,01:44:00,4.4,2.1,0.2,1.8,-20.3,-20.5,-19.7,26.4,110.12E+00,0.4794E+00,0.0262E+03,3.60392E+03
2024/12/17,01:45:00,4.4,2.1,0.2,1.8,-20.3,-20.5,-19.7,26.3,110.12E+00,0.4746E+00,0.0260E+03,3.60436E+03
2024/12/17,01:46:00,4.4,2.1,0.2,1.8,-20.3,-20.5,-19.7,26.2,110.11E+00,0.4814E+00,0.0264E+03,3.60480E+03
2024/12/17,01:47:00,4.4,2.1,0.2,1.8,-20.3,-20.5,-19.7,26.3,110.12E+00,0.4734E+00,0.0260E+03,3.60523E+03
2024/12/17,01:48:00,4.4,2.1,0.2,1.8,-20.3,-20.5,-19.7,26.3,110.12E+00,0.4789E+00,0.0264E+03,3.60567E+03
2024/12/17,01:49:00,4.4,2.2,0.2,1.8,-20.3,-20.5,-19.7,26.3,110.12E+00,0.4788E+00,0.0263E+03,3.60611E+03
2024/12/17,01:50:00,4.4,2.1,0.2,1.8,-20.3,-20.5,-19.7,26.5,110.12E+00,0.4771E+00,0.0262E+03,3.60655E+03
2024/12/17,01:51:00,4.4,2.1,0.2,1.8,-20.3,-20.5,-19.7,26.3,110.11E+00,0.4780E+00,0.0262E+03,3.60699E+03
2024/12/17,01:52:00,4.4,2.1,0.2,1.8,-20.3,-20.5,-19.7,26.3,110.11E+00,0.4783E+00,0.0262E+03,3.60742E+03
2024/12/17,01:53:00,4.4,2.1,0.2,1.8,-20.3,-20.5,-19.7,26.2,110.11E+00,0.4758E+00,0.0261E+03,3.60786E+03
2024/12/17,01:54:00,4.4,2.2,0.2,1.8,-20.3,-20.5,-19.7,26.2,110.12E+00,0.4803E+00,0.0263E+03,3.60830E+03
2024/12/17,01:55:00,4.4,2.2,0.2,1.8,-20.3,-20.5,-19.7,26.3,110.12E+00,0.4833E+00,0.0265E+03,3.60873E+03
2024/12/17,01:56:00,4.4,2.1,0.2,1.8,-20.3,-20.5,-19.7,26.2,110.12E+00,0.4762E+00,0.0261E+03,3.60917E+03
2024/12/17,01:57:00,4.4,2.2,0.2,1.8,-20.3,-20.5,-19.7,26.3,110.12E+00,0.4829E+00,0.0266E+03,3.60961E+03
2024/12/17,01:58:00,4.4,2.1,0.2,1.8,-20.3,-20.5,-19.7,26.2,110.12E+00,0.4844E+00,0.0267E+03,3.61005E+03
2024/12/17,01:59:00,4.4,2.1,0.2,1.8,-20.3,-20.5,-19.7,26.3,110.12E+00,0.4771E+00,0.0262E+03,3.61049E+03
2024/12/17,02:00:00,4.4,2.2,0.2,1.8,-20.3,-20.5,-19.7,26.3,110.12E+00,0.4799E+00,0.0264E+03,3.61093E+03
2024/12/17,02:01:00,4.4,2.2,0.2,1.8,-20.3,-20.5,-19.7,26.3,110.11E+00,0.4789E+00,0.0263E+03,3.61137E+03
2024/12/17,02:02:00,4.4,2.1,0.2,1.8,-20.3,-20.5,-19.7,26.3,110.12E+00,0.4749E+00,0.0260E+03,3.61180E+03
2024/12/17,02:03:00,4.4,2.1,0.2,1.8,-20.3,-20.5,-19.7,26.4,110.12E+00,0.4820E+00,0.0264E+03,3.61224E+03
2024/12/17,02:04:00,4.4,2.1,0.2,1.8,-20.3,-20.5,-19.7,26.4,110.12E+00,0.4766E+00,0.0262E+03,3.61268E+03
2024/12/17,02:05:00,4.4,2.1,0.2,1.8,-20.3,-20.5,-19.7,26.3,110.11E+00,0.4811E+00,0.0264E+03,3.61312E+03
2024/12/17,02:06:00,4.4,2.1,0.2,1.8,-20.3,-20.5,-19.7,26.5,110.12E+00,0.4749E+00,0.0260E+03,3.61356E+03
2024/12/17,02:07:00,4.4,2.2,0.2,1.8,-20.3,-20.5,-19.7,26.2,110.12E+00,0.4818E+00,0.0265E+03,3.61399E+03
2024/12/17,02:08:00,4.4,2.2,0.2,1.8,-20.3,-20.5,-19.7,26.1,110.11E+00,0.4788E+00,0.0263E+03,3.61443E+03
2024/12/17,02:09:00,4.5,2.1,0.2,1.8,-20.3,-20.5,-19.7,26.1,110.12E+00,0.4798E+00,0.0264E+03,3.61487E+03
2024/12/17,02:10:00,4.4,2.1,0.2,1.8,-20.3,-20.5,-19.7,26.4,110.12E+00,0.4786E+00,0.0263E+03,3.61530E+03
2024/12/17,02:11:00,4.4,2.2,0.2,1.8,-20.3,-20.5,-19.7,26.2,110.12E+00,0.4776E+00,0.0262E+03,3.61574E+03
2024/12/17,02:12:00,4.4,2.2,0.2,1.8,-20.3,-20.5,-19.7,26.2,110.12E+00,0.4777E+00,0.0262E+03,3.61618E+03
2024/12/17,02:13:00,4.4,2.2,0.2,1.8,-20.3,-20.5,-19.7,26.2,110.12E+00,0.4825E+00,0.0265E+03,3.61662E+03
2024/12/17,02:14:00,4.5,2.2,0.2,1.8,-20.3,-20.5,-19.7,26.3,110.12E+00,0.4754E+00,0.0260E+03,3.61706E+03
2024/12/17,02:15:00,4.4,2.2,0.2,1.8,-20.3,-20.5,-19.7,26.3,110.12E+00,0.4791E+00,0.0263E+03,3.61749E+03
2024/12/17,02:16:00,4.4,2.2,0.2,1.8,-20.3,-20.5,-19.7,26.3,110.12E+00,0.4781E+00,0.0262E+03,3.61793E+03
2024/12/17,02:17:00,4.4,2.2,0.2,1.8,-20.3,-20.5,-19.7,26.2,110.12E+00,0.4852E+00,0.0267E+03,3.61837E+03
2024/12/17,02:18:00,4.4,2.2,0.2,1.8,-20.3,-20.5,-19.7,26.2,110.12E+00,0.4755E+00,0.0260E+03,3.61881E+03
2024/12/17,02:19:00,4.4,2.2,0.2,1.8,-20.3,-20.5,-19.7,26.2,110.12E+00,0.4796E+00,0.0263E+03,3.61925E+03
2024/12/17,02:20:00,4.5,2.1,0.2,1.8,-20.3,-20.5,-19.7,27,110.03E+00,1.2287E+00,0.1351E+03,3.62052E+03
2024/12/17,02:21:00,4.5,2.2,0.3,1.8,-20.2,-20.5,-19.7,28.4,110.03E+00,1.2235E+00,0.1346E+03,3.62277E+03
2024/12/17,02:22:00,4.6,2.3,0.3,1.7,-20.2,-20.5,-19.7,28.7,110.03E+00,1.2250E+00,0.1347E+03,3.62500E+03
2024/12/17,02:23:00,4.7,2.4,0.4,1.8,-20.1,-20.5,-19.6,28.9,110.03E+00,1.2258E+00,0.1348E+03,3.62725E+03
2024/12/17,02:24:00,4.7,2.5,0.4,1.8,-20.1,-20.5,-19.6,29,110.03E+00,1.2261E+00,0.1349E+03,3.62950E+03
2024/12/17,02:25:00,4.8,2.6,0.5,1.8,-20,-20.4,-19.6,29.1,110.03E+00,1.2266E+00,0.1349E+03,3.63175E+03
2024/12/17,02:26:00,4.8,2.6,0.5,1.8,-20,-20.4,-19.6,29.2,110.03E+00,1.2267E+00,0.1349E+03,3.63400E+03
2024/12/17,02:27:00,4.9,2.7,0.5,1.8,-19.9,-20.4,-19.5,29.3,110.03E+00,1.2269E+00,0.1350E+03,3.63625E+03
2024/12/17,02:28:00,4.9,2.8,0.6,1.8,-19.8,-20.3,-19.5,29.4,110.03E+00,1.2270E+00,0.1350E+03,3.63849E+03
2024/12/17,02:29:00,5,2.9,0.6,1.9,-19.7,-20.2,-19.4,29.6,110.03E+00,1.2270E+00,0.1350E+03,3.64074E+03
2024/12/17,02:30:00,5.1,3,0.7,1.9,-19.5,-20.1,-19.4,29.7,110.03E+00,1.2271E+00,0.1350E+03,3.64299E+03
2024/12/17,02:31:00,5.1,3.1,0.8,1.9,-19.4,-20.1,-19.4,29.7,110.03E+00,1.2269E+00,0.1350E+03,3.64524E+03
2024/12/17,02:32:00,5.2,3.2,0.8,1.9,-19.2,-20,-19.3,29.8,110.03E+00,1.2270E+00,0.1350E+03,3.64749E+03
2024/12/17,02:33:00,5.3,3.2,0.9,2,-19,-19.8,-19.2,29.7,110.03E+00,1.2270E+00,0.1350E+03,3.64974E+03
2024/12/17,02:34:00,5.3,3.3,0.9,2,-18.9,-19.7,-19.2,29.8,110.03E+00,1.2270E+00,0.1350E+03,3.65199E+03
2024/12/17,02:35:00,5.4,3.4,1,2,-18.6,-19.6,-19.1,29.7,110.03E+00,1.2271E+00,0.1350E+03,3.65425E+03
2024/12/17,02:36:00,5.5,3.5,1.1,2.1,-18.4,-19.5,-19.1,29.7,110.03E+00,1.2270E+00,0.1350E+03,3.65650E+03
2024/12/17,02:37:00,5.6,3.6,1.1,2.1,-18.2,-19.3,-19,29.7,110.03E+00,1.2269E+00,0.1350E+03,3.65874E+03
2024/12/17,02:38:00,5.7,3.7,1.2,2.1,-17.9,-19.2,-18.9,29.6,110.03E+00,1.2268E+00,0.1349E+03,3.66100E+03
2024/12/17,02:39:00,5.7,3.8,1.3,2.2,-17.7,-19,-18.8,29.4,110.03E+00,1.2269E+00,0.1350E+03,3.66324E+03
2024/12/17,02:40:00,5.8,3.9,1.4,2.2,-17.4,-18.8,-18.7,29.1,110.03E+00,1.2267E+00,0.1349E+03,3.66549E+03
2024/12/17,02:41:00,5.9,4,1.5,2.2,-17.1,-18.6,-18.6,28.5,110.03E+00,1.2268E+00,0.1349E+03,3.66774E+03
2024/12/17,02:42:00,6,4.1,1.5,2.3,-16.8,-18.4,-18.5,17.7,110.14E+00,0.0000E+00,0.0003E+03,3.66975E+03
2024/12/17,02:43:00,6.1,4.1,1.6,2.3,-16.5,-18.2,-18.4,19.3,110.14E+00,0.0000E+00,0.0003E+03,3.66975E+03
2024/12/17,02:44:00,6.1,4.2,1.7,2.4,-16.1,-17.9,-18.3,20.5,110.14E+00,0.0000E+00,0.0003E+03,3.66976E+03
2024/12/17,02:45:00,6.2,4.3,1.8,2.4,-15.7,-17.6,-18.2,23.5,110.14E+00,0.0000E+00,0.0003E+03,3.66976E+03
2024/12/17,02:46:00,6.3,4.4,1.8,2.5,-15.3,-17.4,-18,24.5,110.14E+00,0.0000E+00,0.0003E+03,3.66977E+03
2024/12/17,02:47:00,6.4,4.5,1.9,2.5,-14.9,-17.1,-17.9,25.6,110.14E+00,0.0000E+00,0.0003E+03,3.66977E+03
2024/12/17,02:48:00,6.5,4.6,2,2.6,-14.4,-16.8,-17.8,26.2,110.14E+00,0.0000E+00,0.0003E+03,3.66978E+03
2024/12/17,02:49:00,6.6,4.7,2.1,2.6,-13.9,-16.5,-17.7,20.2,110.07E+00,1.4242E+00,0.0929E+03,3.66996E+03
2024/12/17,02:50:00,6.7,4.8,2.2,2.6,-13.5,-16.2,-17.5,24,110.11E+00,0.6166E+00,0.0345E+03,3.67065E+03
2024/12/17,02:51:00,6.8,4.9,2.3,2.7,-13,-15.9,-17.4,25.8,110.12E+00,0.5480E+00,0.0301E+03,3.67118E+03
2024/12/17,02:52:00,6.9,5,2.4,2.8,-12.6,-15.6,-17.3,26.5,110.11E+00,0.5599E+00,0.0312E+03,3.67169E+03
2024/12/17,02:53:00,7,5.1,2.5,2.8,-11.6,-14.9,-16.5,26.5,110.12E+00,0.5649E+00,0.0314E+03,3.67221E+03
2024/12/17,02:54:00,7,5.2,2.5,2.9,-10.9,-14.2,-15.9,26.7,110.12E+00,0.5755E+00,0.0321E+03,3.67274E+03
2024/12/17,02:55:00,7.1,5.3,2.6,2.9,-10.3,-13.6,-15.3,26.8,110.11E+00,0.5729E+00,0.0319E+03,3.67326E+03
2024/12/17,02:56:00,7.1,5.4,2.7,2.9,-9.8,-13.1,-14.8,26.8,110.11E+00,0.5716E+00,0.0318E+03,3.67380E+03
2024/12/17,02:57:00,7.2,5.4,2.8,3,-9.4,-12.6,-14.3,26.9,110.12E+00,0.5743E+00,0.0319E+03,3.67433E+03
2024/12/17,02:58:00,7.2,5.5,2.8,3,-9,-12.1,-13.7,27,110.12E+00,0.5752E+00,0.0319E+03,3.67487E+03
2024/12/17,02:59:00,7.3,5.5,2.9,3.1,-8.7,-11.7,-13.3,27,110.12E+00,0.5902E+00,0.0330E+03,3.67541E+03
2024/12/17,03:00:00,7.3,5.6,3,3.2,-8.5,-11.3,-12.8,27.1,110.11E+00,0.5842E+00,0.0326E+03,3.67595E+03
2024/12/17,03:01:00,7.3,5.6,3.1,3.2,-8.3,-11,-12.4,27.3,110.12E+00,0.5805E+00,0.0324E+03,3.67649E+03
2024/12/17,03:02:00,7.4,5.7,3.1,3.3,-8.2,-10.7,-12,27.2,110.11E+00,0.5886E+00,0.0329E+03,3.67703E+03
2024/12/17,03:03:00,7.4,5.7,3.2,3.3,-8,-10.4,-11.7,27.3,110.12E+00,0.5824E+00,0.0325E+03,3.67758E+03
2024/12/17,03:04:00,7.4,5.7,3.2,3.4,-7.9,-10.2,-11.4,27.3,110.12E+00,0.5905E+00,0.0330E+03,3.67812E+03
2024/12/17,03:05:00,7.5,5.8,3.3,3.4,-7.9,-10.1,-11.1,27.4,110.12E+00,0.5968E+00,0.0334E+03,3.67867E+03
2024/12/17,03:06:00,7.5,5.8,3.4,3.5,-7.9,-9.9,-10.9,27.4,110.12E+00,0.5822E+00,0.0324E+03,3.67922E+03
2024/12/17,03:07:00,7.5,5.8,3.4,3.6,-7.9,-9.8,-10.6,27.7,110.12E+00,0.5876E+00,0.0328E+03,3.67977E+03
2024/12/17,03:08:00,7.6,5.9,3.5,3.6,-7.9,-9.7,-10.4,27.6,110.12E+00,0.5861E+00,0.0327E+03,3.68033E+03
2024/12/17,03:09:00,7.6,5.9,3.5,3.7,-8,-9.6,-10.3,27.6,110.12E+00,0.5938E+00,0.0331E+03,3.68088E+03
2024/12/17,03:10:00,7.6,5.9,3.6,3.7,-8,-9.5,-10.2,27.6,110.12E+00,0.6002E+00,0.0336E+03,3.68144E+03
2024/12/17,03:11:00,7.6,6,3.6,3.8,-8.1,-9.5,-10.1,27.7,110.12E+00,0.5944E+00,0.0331E+03,3.68200E+03
2024/12/17,03:12:00,7.7,6,3.7,3.8,-8.2,-9.5,-10,27.8,110.12E+00,0.5888E+00,0.0329E+03,3.68255E+03
2024/12/17,03:13:00,7.7,6,3.7,3.9,-8.3,-9.5,-9.9,27.7,110.12E+00,0.5972E+00,0.0333E+03,3.68311E+03
2024/12/17,03:14:00,7.7,6,3.8,3.9,-8.4,-9.5,-9.8,27.8,110.12E+00,0.6066E+00,0.0339E+03,3.68366E+03
2024/12/17,03:15:00,7.7,6.1,3.8,4,-8.6,-9.5,-9.8,27.8,110.12E+00,0.5985E+00,0.0334E+03,3.68423E+03
2024/12/17,03:16:00,7.7,6.1,3.9,4,-8.7,-9.6,-9.8,27.9,110.12E+00,0.6045E+00,0.0338E+03,3.68479E+03
2024/12/17,03:17:00,7.8,6.1,3.9,4.1,-8.9,-9.6,-9.8,28.1,110.11E+00,0.5972E+00,0.0334E+03,3.68534E+03
2024/12/17,03:18:00,7.8,6.1,4,4.1,-9,-9.7,-9.8,28.2,110.12E+00,0.6038E+00,0.0337E+03,3.68590E+03
2024/12/17,03:19:00,7.8,6.1,4,4.2,-9.2,-9.8,-9.8,27.9,110.11E+00,0.6051E+00,0.0338E+03,3.68646E+03
2024/12/17,03:20:00,7.8,6.1,4,4.2,-9.4,-9.8,-9.9,27.8,110.12E+00,0.6122E+00,0.0343E+03,3.68702E+03
2024/12/17,03:21:00,7.8,6.2,4.1,4.3,-9.5,-9.9,-9.9,27.9,110.12E+00,0.6106E+00,0.0342E+03,3.68759E+03
2024/12/17,03:22:00,7.8,6.2,4.1,4.3,-9.7,-10.1,-10,27.9,110.12E+00,0.5972E+00,0.0334E+03,3.68815E+03
2024/12/17,03:23:00,7.9,6.2,4.1,4.4,-9.9,-10.2,-10,27.8,110.12E+00,0.5960E+00,0.0332E+03,3.68871E+03
2024/12/17,03:24:00,7.9,6.2,4.2,4.4,-10.1,-10.3,-10.1,27.9,110.12E+00,0.6073E+00,0.0340E+03,3.68927E+03
2024/12/17,03:25:00,7.9,6.2,4.2,4.5,-10.3,-10.4,-10.2,27.7,110.12E+00,0.6011E+00,0.0335E+03,3.68984E+03
2024/12/17,03:26:00,7.9,6.2,4.3,4.5,-10.4,-10.5,-10.3,27.8,110.12E+00,0.5995E+00,0.0334E+03,3.69041E+03
2024/12/17,03:27:00,7.9,6.2,4.3,4.5,-10.6,-10.7,-10.4,27.8,110.12E+00,0.6039E+00,0.0336E+03,3.69097E+03
2024/12/17,03:28:00,7.9,6.2,4.3,4.6,-10.8,-10.8,-10.5,27.8,110.12E+00,0.6063E+00,0.0339E+03,3.69154E+03
2024/12/17,03:29:00,7.9,6.2,4.3,4.6,-11,-10.9,-10.6,27.8,110.11E+00,0.6180E+00,0.0346E+03,3.69210E+03
2024/12/17,03:30:00,7.9,6.2,4.4,4.7,-11.2,-11.1,-10.7,27.8,110.11E+00,0.6151E+00,0.0344E+03,3.69268E+03
2024/12/17,03:31:00,7.9,6.2,4.4,4.7,-11.4,-11.2,-10.8,27.9,110.12E+00,0.6188E+00,0.0347E+03,3.69325E+03
2024/12/17,03:32:00,7.9,6.2,4.4,4.7,-11.6,-11.4,-10.9,27.9,110.11E+00,0.6174E+00,0.0346E+03,3.69382E+03
2024/12/17,03:33:00,7.9,6.2,4.4,4.8,-11.8,-11.5,-11,27.7,110.12E+00,0.6110E+00,0.0342E+03,3.69439E+03
2024/12/17,03:34:00,7.9,6.2,4.4,4.8,-11.9,-11.6,-11.2,27.7,110.12E+00,0.6207E+00,0.0349E+03,3.69496E+03
2024/12/17,03:35:00,7.9,6.2,4.4,4.9,-12.1,-11.8,-11.3,27.6,110.11E+00,0.6167E+00,0.0345E+03,3.69553E+03
2024/12/17,03:36:00,7.9,6.2,4.4,4.9,-12.3,-12,-11.4,28,110.12E+00,0.6144E+00,0.0344E+03,3.69611E+03
2024/12/17,03:37:00,7.9,6.2,4.5,4.9,-12.5,-12.1,-11.6,27.7,110.11E+00,0.6128E+00,0.0343E+03,3.69668E+03
2024/12/17,03:38:00,7.9,6.2,4.5,5,-12.7,-12.3,-11.7,27.7,110.11E+00,0.6111E+00,0.0341E+03,3.69725E+03
2024/12/17,03:39:00,7.9,6.2,4.5,5,-12.8,-12.4,-11.8,27.6,110.12E+00,0.6202E+00,0.0347E+03,3.69783E+03
2024/12/17,03:40:00,7.9,6.2,4.5,5,-13,-12.6,-11.9,27.6,110.11E+00,0.6236E+00,0.0349E+03,3.69841E+03
2024/12/17,03:41:00,7.9,6.2,4.5,5,-13.2,-12.7,-12.1,27.7,110.11E+00,0.6153E+00,0.0344E+03,3.69898E+03
2024/12/17,03:42:00,7.8,6.2,4.5,5.1,-13.4,-12.9,-12.2,27.6,110.12E+00,0.6174E+00,0.0347E+03,3.69956E+03
2024/12/17,03:43:00,7.8,6.2,4.5,5.1,-13.5,-13,-12.3,27.7,110.12E+00,0.6170E+00,0.0345E+03,3.70014E+03
2024/12/17,03:44:00,7.8,6.2,4.5,5.1,-13.7,-13.1,-12.5,27.8,110.11E+00,0.6215E+00,0.0348E+03,3.70071E+03
2024/12/17,03:45:00,7.8,6.1,4.5,5.2,-13.9,-13.3,-12.6,27.6,110.12E+00,0.6159E+00,0.0344E+03,3.70129E+03
2024/12/17,03:46:00,7.8,6.1,4.5,5.2,-14,-13.4,-12.7,27.6,110.11E+00,0.6180E+00,0.0346E+03,3.70187E+03
2024/12/17,03:47:00,7.8,6.1,4.5,5.2,-14.2,-13.6,-12.9,27.6,110.12E+00,0.6176E+00,0.0345E+03,3.70245E+03
2024/12/17,03:48:00,7.8,6.1,4.5,5.2,-14.3,-13.8,-13,27.6,110.12E+00,0.6175E+00,0.0346E+03,3.70303E+03
2024/12/17,03:49:00,7.8,6.1,4.5,5.2,-14.5,-13.9,-13.2,27.6,110.12E+00,0.6213E+00,0.0348E+03,3.70361E+03
2024/12/17,03:50:00,7.8,6.1,4.5,5.2,-14.6,-14,-13.3,27.5,110.11E+00,0.6229E+00,0.0349E+03,3.70419E+03
2024/12/17,03:51:00,7.7,6.1,4.5,5.3,-14.8,-14.2,-13.4,27.6,110.11E+00,0.6215E+00,0.0348E+03,3.70477E+03
2024/12/17,03:52:00,7.7,6,4.5,5.3,-14.9,-14.3,-13.6,27.5,110.11E+00,0.6216E+00,0.0348E+03,3.70535E+03
2024/12/17,03:53:00,7.7,6,4.5,5.3,-15.1,-14.5,-13.7,27.5,110.11E+00,0.6174E+00,0.0345E+03,3.70593E+03
2024/12/17,03:54:00,7.7,6,4.5,5.3,-15.2,-14.6,-13.8,27.5,110.11E+00,0.6284E+00,0.0352E+03,3.70651E+03
2024/12/17,03:55:00,7.7,6,4.5,5.4,-15.4,-14.7,-13.9,27.5,110.11E+00,0.6228E+00,0.0349E+03,3.70710E+03
2024/12/17,03:56:00,7.7,6,4.4,5.4,-15.5,-14.9,-14.1,27.6,110.11E+00,0.6196E+00,0.0347E+03,3.70768E+03
2024/12/17,03:57:00,7.7,6,4.5,5.4,-15.6,-15,-14.2,27.5,110.11E+00,0.6307E+00,0.0354E+03,3.70826E+03
2024/12/17,03:58:00,7.6,6,4.4,5.4,-15.7,-15.1,-14.3,27.4,110.11E+00,0.6212E+00,0.0348E+03,3.70884E+03
2024/12/17,03:59:00,7.6,5.9,4.4,5.4,-15.9,-15.3,-14.4,27.4,110.11E+00,0.6384E+00,0.0358E+03,3.70942E+03
2024/12/17,04:00:00,7.6,5.9,4.4,5.4,-16,-15.4,-14.6,27.4,110.11E+00,0.6279E+00,0.0352E+03,3.71001E+03
2024/12/17,04:01:00,7.6,5.9,4.4,5.4,-16.1,-15.5,-14.7,27.4,110.11E+00,0.6289E+00,0.0352E+03,3.71060E+03
2024/12/17,04:02:00,7.6,5.9,4.4,5.5,-16.3,-15.7,-14.8,27.7,110.11E+00,0.6207E+00,0.0347E+03,3.71119E+03
2024/12/17,04:03:00,7.6,5.9,4.4,5.5,-16.3,-15.8,-14.9,27.4,110.12E+00,0.6261E+00,0.0351E+03,3.71177E+03
2024/12/17,04:04:00,7.5,5.9,4.3,5.5,-16.5,-15.9,-15,27.5,110.11E+00,0.6320E+00,0.0354E+03,3.71236E+03
2024/12/17,04:05:00,7.5,5.8,4.3,5.5,-16.6,-16,-15.2,27.4,110.11E+00,0.6326E+00,0.0355E+03,3.71295E+03
2024/12/17,04:06:00,7.5,5.8,4.3,5.5,-16.7,-16.2,-15.3,27.5,110.11E+00,0.6263E+00,0.0350E+03,3.71354E+03
2024/12/17,04:07:00,7.5,5.8,4.3,5.5,-16.8,-16.3,-15.4,27.3,110.11E+00,0.6302E+00,0.0353E+03,3.71413E+03
2024/12/17,04:08:00,7.5,5.8,4.2,5.5,-16.9,-16.4,-15.5,27.3,110.12E+00,0.6355E+00,0.0356E+03,3.71472E+03
2024/12/17,04:09:00,7.5,5.7,4.2,5.5,-17,-16.5,-15.6,27.4,110.11E+00,0.6411E+00,0.0360E+03,3.71531E+03
2024/12/17,04:10:00,7.4,5.7,4.2,5.5,-17.1,-16.6,-15.7,27.5,110.11E+00,0.6381E+00,0.0359E+03,3.71591E+03
2024/12/17,04:11:00,7.4,5.7,4.2,5.5,-17.2,-16.8,-15.8,27.2,110.11E+00,0.6371E+00,0.0357E+03,3.71650E+03
2024/12/17,04:12:00,7.4,5.7,4.2,5.5,-17.3,-16.9,-15.9,27.4,110.11E+00,0.6403E+00,0.0360E+03,3.71710E+03
2024/12/17,04:13:00,7.4,5.6,4.1,5.5,-17.4,-17,-16,27.3,110.11E+00,0.6348E+00,0.0356E+03,3.71769E+03
2024/12/17,04:14:00,7.4,5.6,4.1,5.5,-17.6,-17.1,-16.1,27.3,110.11E+00,0.6456E+00,0.0363E+03,3.71829E+03
2024/12/17,04:15:00,7.3,5.6,4.1,5.5,-17.6,-17.2,-16.2,27.3,110.11E+00,0.6401E+00,0.0359E+03,3.71890E+03
2024/12/17,04:16:00,7.3,5.6,4.1,5.5,-17.7,-17.3,-16.3,27.3,110.12E+00,0.6439E+00,0.0362E+03,3.71950E+03
2024/12/17,04:17:00,7.3,5.5,4.1,5.5,-17.9,-17.4,-16.4,27.4,110.11E+00,0.6385E+00,0.0358E+03,3.72010E+03
2024/12/17,04:18:00,7.3,5.5,4,5.5,-18,-17.5,-16.4,27.4,110.11E+00,0.6402E+00,0.0359E+03,3.72070E+03
2024/12/17,04:19:00,7.2,5.5,4,5.5,-18,-17.7,-16.5,27.3,110.11E+00,0.6437E+00,0.0361E+03,3.72130E+03
2024/12/17,04:20:00,7.2,5.5,4,5.5,-18.1,-17.7,-16.6,27.3,110.11E+00,0.6480E+00,0.0364E+03,3.72190E+03
2024/12/17,04:21:00,7.2,5.4,3.9,5.5,-18.2,-17.9,-16.7,27.4,110.11E+00,0.6407E+00,0.0359E+03,3.72251E+03
2024/12/17,04:22:00,7.2,5.4,3.9,5.4,-18.3,-17.9,-16.8,27.6,110.11E+00,0.6447E+00,0.0362E+03,3.72311E+03
2024/12/17,04:23:00,7.2,5.4,3.9,5.4,-18.4,-18.1,-16.9,27.3,110.11E+00,0.6503E+00,0.0365E+03,3.72371E+03
2024/12/17,04:24:00,7.2,5.4,3.8,5.4,-18.5,-18.2,-17,27.4,110.11E+00,0.6509E+00,0.0366E+03,3.72432E+03
2024/12/17,04:25:00,7.1,5.3,3.8,5.4,-18.6,-18.2,-17.1,27.3,110.11E+00,0.6544E+00,0.0368E+03,3.72493E+03
2024/12/17,04:26:00,7.1,5.3,3.8,5.4,-18.7,-18.3,-17.2,27.6,110.11E+00,0.6486E+00,0.0364E+03,3.72554E+03
2024/12/17,04:27:00,7.1,5.3,3.7,5.4,-18.8,-18.4,-17.3,27.2,110.11E+00,0.6509E+00,0.0366E+03,3.72615E+03
2024/12/17,04:28:00,7.1,5.2,3.7,5.4,-18.9,-18.5,-17.4,27.4,110.11E+00,0.6483E+00,0.0364E+03,3.72675E+03
2024/12/17,04:29:00,7.1,5.2,3.7,5.4,-19,-18.6,-17.4,27.1,110.11E+00,0.6615E+00,0.0373E+03,3.72737E+03
2024/12/17,04:30:00,7,5.2,3.7,5.4,-19.1,-18.7,-17.5,27.2,110.11E+00,0.6537E+00,0.0368E+03,3.72798E+03
2024/12/17,04:31:00,7,5.2,3.6,5.4,-19.2,-18.8,-17.6,27.2,110.11E+00,0.6510E+00,0.0365E+03,3.72860E+03
2024/12/17,04:32:00,7,5.1,3.6,5.3,-19.2,-18.9,-17.7,27.4,110.11E+00,0.6543E+00,0.0368E+03,3.72921E+03
2024/12/17,04:33:00,7,5.1,3.5,5.3,-19.3,-19,-17.8,27.3,110.11E+00,0.6527E+00,0.0367E+03,3.72983E+03
2024/12/17,04:34:00,6.9,5.1,3.5,5.3,-19.4,-19.1,-17.9,27.5,110.12E+00,0.6399E+00,0.0358E+03,3.73043E+03
2024/12/17,04:35:00,6.9,5,3.5,5.3,-19.5,-19.2,-18,27.4,110.11E+00,0.6413E+00,0.0360E+03,3.73104E+03
2024/12/17,04:36:00,6.9,5,3.4,5.3,-19.6,-19.3,-18.1,27.5,110.11E+00,0.6406E+00,0.0359E+03,3.73164E+03
2024/12/17,04:37:00,6.8,5,3.4,5.3,-19.6,-19.3,-18.2,27.1,110.11E+00,0.6462E+00,0.0363E+03,3.73224E+03
2024/12/17,04:38:00,6.8,4.9,3.3,5.2,-19.7,-19.4,-18.2,27.2,110.11E+00,0.6447E+00,0.0362E+03,3.73284E+03
2024/12/17,04:39:00,6.8,4.9,3.3,5.2,-19.8,-19.5,-18.3,27.2,110.11E+00,0.6294E+00,0.0352E+03,3.73344E+03
2024/12/17,04:40:00,6.8,4.9,3.3,5.2,-19.9,-19.6,-18.4,27.2,110.11E+00,0.6345E+00,0.0356E+03,3.73403E+03
2024/12/17,04:41:00,6.8,4.9,3.3,5.2,-20,-19.7,-18.5,27.3,110.11E+00,0.6346E+00,0.0356E+03,3.73462E+03
2024/12/17,04:42:00,6.8,4.8,3.2,5.2,-20,-19.7,-18.5,27.2,110.11E+00,0.6333E+00,0.0356E+03,3.73521E+03
2024/12/17,04:43:00,6.7,4.8,3.2,5.2,-20.1,-19.8,-18.6,27.2,110.11E+00,0.6362E+00,0.0356E+03,3.73580E+03
2024/12/17,04:44:00,6.7,4.8,3.1,5.2,-20.2,-19.9,-18.7,27,110.11E+00,0.6385E+00,0.0358E+03,3.73639E+03
2024/12/17,04:45:00,6.7,4.7,3.1,5.1,-20.2,-20,-18.8,27,110.11E+00,0.6392E+00,0.0358E+03,3.73699E+03
2024/12/17,04:46:00,6.7,4.7,3.1,5.1,-20.3,-20,-18.9,27.1,110.11E+00,0.6391E+00,0.0358E+03,3.73759E+03
2024/12/17,04:47:00,6.6,4.7,3,5.1,-20.3,-20.1,-18.9,27.1,110.11E+00,0.6377E+00,0.0358E+03,3.73818E+03
2024/12/17,04:48:00,6.6,4.6,3,5.1,-20.4,-20.2,-19,27,110.12E+00,0.6348E+00,0.0356E+03,3.73878E+03
2024/12/17,04:49:00,6.6,4.6,3,5,-20.5,-20.2,-19.1,27.1,110.12E+00,0.6295E+00,0.0353E+03,3.73937E+03
2024/12/17,04:50:00,6.6,4.6,2.9,5,-20.5,-20.3,-19.2,27.3,110.11E+00,0.6280E+00,0.0351E+03,3.73995E+03
2024/12/17,04:51:00,6.5,4.5,2.9,5,-20.6,-20.4,-19.2,27.2,110.12E+00,0.6257E+00,0.0350E+03,3.74054E+03
2024/12/17,04:52:00,6.5,4.5,2.9,5,-20.7,-20.4,-19.3,27.1,110.11E+00,0.6210E+00,0.0347E+03,3.74112E+03
2024/12/17,04:53:00,6.5,4.5,2.8,5,-20.7,-20.5,-19.4,27,110.11E+00,0.6298E+00,0.0353E+03,3.74171E+03
2024/12/17,04:54:00,6.5,4.4,2.8,4.9,-20.8,-20.6,-19.4,27.2,110.12E+00,0.6320E+00,0.0354E+03,3.74230E+03
2024/12/17,04:55:00,6.5,4.4,2.8,4.9,-20.8,-20.6,-19.5,27.1,110.12E+00,0.6334E+00,0.0355E+03,3.74289E+03
2024/12/17,04:56:00,6.4,4.4,2.7,4.9,-20.9,-20.7,-19.5,27,110.11E+00,0.6316E+00,0.0354E+03,3.74348E+03
2024/12/17,04:57:00,6.4,4.3,2.7,4.9,-20.9,-20.7,-19.6,27,110.11E+00,0.6305E+00,0.0353E+03,3.74407E+03
2024/12/17,04:58:00,6.4,4.3,2.6,4.9,-21,-20.8,-19.7,27,110.11E+00,0.6334E+00,0.0355E+03,3.74466E+03
2024/12/17,04:59:00,6.4,4.3,2.6,4.8,-21.1,-20.8,-19.8,27,110.12E+00,0.6247E+00,0.0349E+03,3.74524E+03
2024/12/17,05:00:00,6.3,4.3,2.6,4.8,-21.1,-20.9,-19.8,26.9,110.11E+00,0.6239E+00,0.0350E+03,3.74582E+03
